시군구코드,최근접기관코드,최근접병원,직선거리_km,도로거리_km,예상시간_분,중심점방법,경계버전,경로상태,경로수집시각,접근거리_km,거리기준,접근성점수
강원특별자치도|강릉시,A2200005,의료법인강릉동인병원,9.77120705809557,11.678,22.133333333333333,최신경계기하대표점,20260701,성공,2026-08-30T16:29:04+09:00,11.678,카카오자동차최단거리경로,17.85740035698271
강원특별자치도|동해시,A2200007,강원특별자치도삼척의료원,13.475062189428249,16.775,28.2,최신경계기하대표점:도로탐색보정,20260701,성공,2026-08-30T16:29:04+09:00,16.775,카카오자동차최단거리경로,26.820655757884833
강원특별자치도|삼척시,A2200007,강원특별자치도삼척의료원,18.289924873181278,32.333,46.5,최신경계기하대표점:도로탐색보정,20260701,성공,2026-08-30T16:29:04+09:00,32.333,카카오자동차최단거리경로,54.17995093685979
강원특별자치도|속초시,A2200012,강원특별자치도속초의료원,6.710429058039791,8.735,20.616666666666667,최신경계기하대표점:도로탐색보정,20260701,성공,2026-08-30T16:29:04+09:00,8.735,카카오자동차최단거리경로,12.68203040507865
강원특별자치도|양구군,A2200013,한림대학교춘천성심병원,40.044069194590094,52.669,65.9,최신경계기하대표점,20260701,성공,2026-08-30T16:29:04+09:00,52.669,카카오자동차최단거리경로,89.94152869490289
강원특별자치도|영월군,A2300009,의료법인명지의료재단명지병원,24.101027931308582,30.643,33.93333333333333,최신경계기하대표점,20260701,성공,2026-08-30T16:29:04+09:00,30.643,카카오자동차최단거리경로,51.20802595598386
강원특별자치도|원주시,A2200001,연세대학교원주세브란스기독병원,4.584616127463182,7.188,16.633333333333333,최신경계기하대표점,20260701,성공,2026-08-30T16:29:04+09:00,7.188,카카오자동차최단거리경로,9.96157599950761
강원특별자치도|정선군,A2300009,의료법인명지의료재단명지병원,49.37844666188892,68.484,75.2,최신경계기하대표점:도로탐색보정,20260701,성공,2026-08-30T16:29:26+09:00,68.484,카카오자동차최단거리경로,100.0
강원특별자치도|철원군,A2100031,경기도의료원포천병원,39.318156685652255,43.075,67.1,최신경계기하대표점,20260701,성공,2026-08-30T16:29:04+09:00,43.075,카카오자동차최단거리경로,73.07013918808417
강원특별자치도|춘천시,A2200013,한림대학교춘천성심병원,0.6639134905283598,1.793,5.583333333333333,최신경계기하대표점,20260701,성공,2026-08-30T16:29:04+09:00,1.793,카카오자동차최단거리경로,0.4742770220959986
강원특별자치도|태백시,A2200007,강원특별자치도삼척의료원,33.88829782670644,46.891,54.9,최신경계기하대표점,20260701,성공,2026-08-30T16:29:04+09:00,46.891,카카오자동차최단거리경로,79.78071062419218
강원특별자치도|평창군,A2200005,의료법인강릉동인병원,44.52478441362391,58.558,78.9,최신경계기하대표점,20260701,성공,2026-08-30T16:29:29+09:00,58.558,카카오자동차최단거리경로,100.0
강원특별자치도|홍천군,A2200009,강원대학교병원,32.374230590636444,49.741,51.11666666666667,최신경계기하대표점,20260701,성공,2026-08-30T16:29:04+09:00,49.741,카카오자동차최단거리경로,84.79253677537348
강원특별자치도|화천군,A2200013,한림대학교춘천성심병원,31.12522123841284,42.45,65.38333333333334,최신경계기하대표점,20260701,성공,2026-08-30T16:29:04+09:00,42.45,카카오자동차최단거리경로,71.97105450580757
강원특별자치도|횡성군,A2200001,연세대학교원주세브란스기독병원,21.424712309935877,28.859,53.46666666666667,최신경계기하대표점,20260701,성공,2026-08-30T16:29:04+09:00,28.859,카카오자동차최단거리경로,48.070798638893535
경기도|가평군,A2200009,강원대학교병원,26.581849487820865,38.922,59.05,최신경계기하대표점,20260701,성공,2026-08-30T16:29:32+09:00,38.922,카카오자동차최단거리경로,65.76694129129261
경기도|고양시,A2100042,의료법인명지의료재단명지병원,2.586295413087273,3.178,10.566666666666666,최신경계기하대표점,20260701,성공,2026-08-30T16:29:04+09:00,3.178,카카오자동차최단거리경로,2.9098486780209445
경기도|광명시,A2100007,광명성애병원,3.1766981405512564,3.96,10.2,최신경계기하대표점,20260701,성공,2026-08-30T16:29:32+09:00,3.96,카카오자동차최단거리경로,4.285023432485426
경기도|광주시,A2100155,참조은병원,3.719792494907294,6.011,14.6,최신경계기하대표점,20260701,성공,2026-08-30T16:29:05+09:00,6.011,카카오자동차최단거리경로,7.8917797258443185
경기도|구리시,A2100039,한양대학교구리병원,0.1993355054357653,0.436,1.85,최신경계기하대표점,20260701,성공,2026-08-30T16:29:05+09:00,0.436,카카오자동차최단거리경로,0.0
경기도|군포시,A2100048,원광대학교산본병원,2.1325548182045866,2.402,8.183333333333334,최신경계기하대표점,20260701,성공,2026-08-30T16:29:05+09:00,2.402,카카오자동차최단거리경로,1.545225136506318
경기도|김포시,A2100006,의료법인인봉의료재단뉴고려병원,5.196230063706666,6.812,14.033333333333331,최신경계기하대표점,20260701,성공,2026-08-30T16:29:05+09:00,6.812,카카오자동차최단거리경로,9.300366654650007
경기도|남양주시,A2100041,남양주한양병원,4.044690546505012,12.334,19.45,최신경계기하대표점,20260701,성공,2026-08-30T16:29:05+09:00,12.334,카카오자동차최단거리경로,19.010999639500227
경기도|동두천시,A2100031,경기도의료원포천병원,10.662806829716963,20.825,39.06666666666667,최신경계기하대표점,20260701,성공,2026-08-30T16:29:05+09:00,20.825,카카오자동차최단거리경로,33.942724499037205
경기도|부천시,A2100052,가톨릭대학교부천성모병원,1.9018756833268224,2.653,10.916666666666666,최신경계기하대표점,20260701,성공,2026-08-30T16:29:05+09:00,2.653,카카오자동차최단거리경로,1.9866175449086003
경기도|성남시,A2100030,차의과학대학교분당차병원,0.8465330009783529,1.628,9.183333333333334,최신경계기하대표점,20260701,성공,2026-08-30T16:29:05+09:00,1.628,카카오자동차최단거리경로,0.1841186659749761
경기도|수원시,A2100012,가톨릭대학교성빈센트병원,1.7708047514039715,3.006,12.866666666666667,최신경계기하대표점,20260701,성공,2026-08-30T16:29:05+09:00,3.006,카카오자동차최단거리경로,2.607380573458424
경기도|시흥시,A2100008,의료법인남촌의료재단시화병원,5.790071728007119,7.423,12.816666666666666,최신경계기하대표점,20260701,성공,2026-08-30T16:29:05+09:00,7.423,카카오자동차최단거리경로,10.374831840043612
경기도|안산시,A2100003,고려대학교의과대학부속안산병원,4.057018071403099,5.11,12.283333333333331,최신경계기하대표점,20260701,성공,2026-08-30T16:29:05+09:00,5.11,카카오자동차최단거리경로,6.3073392478743715
경기도|안성시,A2100019,(의)영문의료재단다보스병원,23.67737861611993,30.0,41.25,최신경계기하대표점,20260701,성공,2026-08-30T16:29:41+09:00,30.0,카카오자동차최단거리경로,50.07728763485769
경기도|안양시,A2100015,효산의료재단안양샘병원,1.0612697119276162,2.841,8.733333333333333,최신경계기하대표점,20260701,성공,2026-08-30T16:29:05+09:00,2.841,카카오자동차최단거리경로,2.317222217337402
경기도|양주시,A2117994,학교법인을지학원의정부을지대학교병원,7.677378200907833,9.51,21.33333333333333,최신경계기하대표점,20260701,성공,2026-08-30T16:29:05+09:00,9.51,카카오자동차최단거리경로,14.044895411101635
경기도|양평군,A2100193,경기도의료원이천병원,29.649051790670978,39.08,77.66666666666667,최신경계기하대표점:도로탐색보정,20260701,성공,2026-08-30T16:29:06+09:00,39.08,카카오자동차최단거리경로,66.04478989897214
경기도|여주시,A2100193,경기도의료원이천병원,16.338778141820026,17.848,44.91666666666666,최신경계기하대표점,20260701,성공,2026-08-30T16:29:05+09:00,17.848,카카오자동차최단거리경로,28.707564340417303
경기도|연천군,A2100031,경기도의료원포천병원,26.478333704339715,34.162,50.4,최신경계기하대표점,20260701,성공,2026-08-30T16:29:05+09:00,34.162,카카오자동차최단거리경로,57.39631235107403
경기도|오산시,A2100024,오산한국병원,3.2515492225993285,4.23,13.6,최신경계기하대표점,20260701,성공,2026-08-30T16:29:06+09:00,4.23,카카오자동차최단거리경로,4.759828015228919
경기도|용인시,A2100019,(의)영문의료재단다보스병원,1.775344457909275,2.956,8.1,최신경계기하대표점,20260701,성공,2026-08-30T16:29:06+09:00,2.956,카카오자동차최단거리경로,2.519453798876296
경기도|의정부시,A2117994,학교법인을지학원의정부을지대학교병원,2.3201080390519104,3.197,8.166666666666666,최신경계기하대표점,20260701,성공,2026-08-30T16:29:06+09:00,3.197,카카오자동차최단거리경로,2.9432608523621533
경기도|이천시,A2100193,경기도의료원이천병원,9.153791163587808,10.601,23.0,최신경계기하대표점,20260701,성공,2026-08-30T16:29:06+09:00,10.601,카카오자동차최단거리경로,15.963457632483669
경기도|파주시,A2100035,경기도의료원파주병원,11.529945263205969,14.024,24.48333333333333,최신경계기하대표점,20260701,성공,2026-08-30T16:29:06+09:00,14.024,카카오자동차최단거리경로,21.98292462037615
경기도|평택시,A2113246,의료법인양진의료재단평택성모병원,7.037110238099944,8.582,16.85,최신경계기하대표점,20260701,성공,2026-08-30T16:29:06+09:00,8.582,카카오자동차최단거리경로,12.412974474857341
경기도|포천시,A2100031,경기도의료원포천병원,8.72726901605192,11.781,24.3,최신경계기하대표점,20260701,성공,2026-08-30T16:29:06+09:00,11.781,카카오자동차최단거리경로,18.03852951262189
경기도|화성시,A2117135,의료법인명인의료재단화홍병원,13.2072343083647,17.002,33.31666666666667,최신경계기하대표점,20260701,성공,2026-08-30T16:29:06+09:00,17.002,카카오자동차최단거리경로,27.219843314487697
경상남도|거제시,A1200004,고신대학교복음병원,42.662486088558175,60.133,80.41666666666667,최신경계기하대표점,20260701,성공,2026-08-30T16:29:51+09:00,60.133,카카오자동차최단거리경로,100.0
경상남도|거창군,A2700012,의료법인덕산의료재단김천제일병원,48.777988051639646,58.37,63.3,최신경계기하대표점,20260701,성공,2026-08-30T16:29:06+09:00,58.37,카카오자동차최단거리경로,99.96693953275712
경상남도|고성군,A2800043,한일병원,22.407551727289498,32.777,46.18333333333333,최신경계기하대표점,20260701,성공,2026-08-30T16:29:06+09:00,32.777,카카오자동차최단거리경로,54.96074069514909
경상남도|김해시,A2800010,의료법인환명의료재단 조은금강병원,1.8246889490221676,2.839,4.566666666666666,최신경계기하대표점,20260701,성공,2026-08-30T16:29:06+09:00,2.839,카카오자동차최단거리경로,2.3137051463541165
경상남도|남해군,A2800043,한일병원,43.75679373318106,54.711,78.95,최신경계기하대표점,20260701,성공,2026-08-30T16:29:53+09:00,54.711,카카오자동차최단거리경로,93.532458168837
경상남도|밀양시,A2800010,의료법인환명의료재단 조은금강병원,27.022565636085123,36.857,45.7,최신경계기하대표점,20260701,성공,2026-08-30T16:29:06+09:00,36.857,카카오자동차최단거리경로,62.13556550105073
경상남도|사천시,A2800043,한일병원,15.2677665098111,18.135,32.03333333333333,최신경계기하대표점,20260701,성공,2026-08-30T16:29:55+09:00,18.135,카카오자동차최단거리경로,29.21226402651872
경상남도|산청군,A2800003,제일병원,30.15016189145486,39.615,43.93333333333333,최신경계기하대표점:도로탐색보정,20260701,성공,2026-08-30T16:29:08+09:00,39.615,카카오자동차최단거리경로,66.98560638700091
경상남도|양산시,A2800011,양산부산대학교병원,8.852613926312884,11.639,21.216666666666665,최신경계기하대표점,20260701,성공,2026-08-30T16:29:06+09:00,11.639,카카오자동차최단거리경로,17.788817472808645
경상남도|의령군,A2800043,한일병원,28.46402611795668,40.947,56.61666666666667,최신경계기하대표점,20260701,성공,2026-08-30T16:29:06+09:00,40.947,카카오자동차최단거리경로,69.3279756618688
경상남도|진주시,A2800001,경상국립대학교병원,4.460327722388443,5.393,14.483333333333333,최신경계기하대표점,20260701,성공,2026-08-30T16:29:57+09:00,5.393,카카오자동차최단거리경로,6.805004792009214
경상남도|창녕군,A2800020,학교법인성균관대학삼성창원병원,30.922423360104816,40.339,46.65,최신경계기하대표점,20260701,성공,2026-08-30T16:29:07+09:00,40.339,카카오자동차최단거리경로,68.25878608295012
경상남도|창원시,A2800004,창원파티마병원,5.799719679849075,8.435,13.133333333333333,최신경계기하대표점,20260701,성공,2026-08-30T16:29:59+09:00,8.435,카카오자동차최단거리경로,12.154469757585884
경상남도|통영시,A2800043,한일병원,44.03602234763863,63.138,63.25,최신경계기하대표점,20260701,성공,2026-08-30T16:29:59+09:00,63.138,카카오자동차최단거리경로,100.0
경상남도|하동군,A2800003,제일병원,28.610891800108877,40.83,54.31666666666667,최신경계기하대표점,20260701,성공,2026-08-30T16:29:07+09:00,40.83,카카오자동차최단거리경로,69.12222700934662
경상남도|함안군,A2800020,학교법인성균관대학삼성창원병원,15.5974896926521,19.617,34.7,최신경계기하대표점,20260701,성공,2026-08-30T16:29:07+09:00,19.617,카카오자동차최단거리경로,31.818413625132997
경상남도|함양군,A2500004,전북특별자치도남원의료원,31.4470623762473,40.079,51.13333333333333,최신경계기하대표점,20260701,성공,2026-08-30T16:29:07+09:00,40.079,카카오자동차최단거리경로,67.80156685512307
경상남도|합천군,A2800003,제일병원,44.4105647692496,53.892,55.03333333333333,최신경계기하대표점,20260701,성공,2026-08-30T16:30:02+09:00,53.892,카카오자동차최단거리경로,92.09221760118174
경상북도|경산시,A1300009,대구파티마병원,17.62272845119099,23.051,62.61666666666667,최신경계기하대표점,20260701,성공,2026-08-30T16:29:07+09:00,23.051,카카오자동차최단거리경로,37.85722450343354
경상북도|경주시,A2700003,동국대학교의과대학경주병원,4.997167128897253,6.03,16.5,최신경계기하대표점,20260701,성공,2026-08-30T16:29:07+09:00,6.03,카카오자동차최단거리경로,7.925191900185527
경상북도|고령군,A1300003,계명대학교동산병원,20.446938666377843,27.098,50.03333333333333,최신경계기하대표점,20260701,성공,2026-08-30T16:29:07+09:00,27.098,카카오자동차최단거리경로,44.974017638110986
경상북도|구미시,A2700007,차의과학대학교부속구미차병원,10.44744316199392,13.447,26.383333333333333,최신경계기하대표점,20260701,성공,2026-08-30T16:29:07+09:00,13.447,카카오자동차최단거리경로,20.968249641698396
경상북도|김천시,A2700012,의료법인덕산의료재단김천제일병원,9.08744485631598,11.115,19.45,최신경계기하대표점,20260701,성공,2026-08-30T16:29:07+09:00,11.115,카카오자동차최단거리경로,16.867344875187943
경상북도|문경시,A2700006,의료법인동춘의료재단문경제일병원,12.31261783059441,18.375,25.716666666666665,최신경계기하대표점,20260701,성공,2026-08-30T16:29:07+09:00,18.375,카카오자동차최단거리경로,29.63431254451293
경상북도|봉화군,A2700004,안동성소병원,44.2359411908971,55.116,65.43333333333334,최신경계기하대표점,20260701,성공,2026-08-30T16:29:07+09:00,55.116,카카오자동차최단거리경로,94.24466504295224
경상북도|상주시,A2700006,의료법인동춘의료재단문경제일병원,20.46482385281465,32.013,36.65,최신경계기하대표점,20260701,성공,2026-08-30T16:29:07+09:00,32.013,카카오자동차최단거리경로,53.61721957953417
경상북도|성주군,A1300003,계명대학교동산병원,22.93146620017843,28.109,34.7,최신경계기하대표점,20260701,성공,2026-08-30T16:29:08+09:00,28.109,카카오자동차최단거리경로,46.751897020161614
경상북도|안동시,A2700004,안동성소병원,5.343924404203344,6.167,12.316666666666666,최신경계기하대표점,20260701,성공,2026-08-30T16:29:08+09:00,6.167,카카오자동차최단거리경로,8.166111262540557
경상북도|영덕군,A2700002,포항세명기독병원,53.98185452740192,61.375,86.9,최신경계기하대표점:도로탐색보정,20260701,성공,2026-08-30T16:29:09+09:00,61.375,카카오자동차최단거리경로,100.0
경상북도|영양군,A2700004,안동성소병원,40.759507420600194,55.291,71.08333333333333,최신경계기하대표점:도로탐색보정,20260701,성공,2026-08-30T16:29:08+09:00,55.291,카카오자동차최단거리경로,94.55240875398968
경상북도|영주시,A2700004,안동성소병원,35.50830827704694,42.055,53.13333333333333,최신경계기하대표점,20260701,성공,2026-08-30T16:29:08+09:00,42.055,카카오자동차최단거리경로,71.27643298660877
경상북도|영천시,A1300009,대구파티마병원,32.208522079061424,39.762,48.1,최신경계기하대표점,20260701,성공,2026-08-30T16:30:11+09:00,39.762,카카오자동차최단거리경로,67.24411110427236
경상북도|예천군,A2700006,의료법인동춘의료재단문경제일병원,22.163761756344726,26.027,34.31666666666667,최신경계기하대표점,20260701,성공,2026-08-30T16:29:08+09:00,26.027,카카오자동차최단거리경로,43.0906261265618
경상북도|울릉군,A2200007,강원특별자치도삼척의료원,152.5081603181327,182.125,197.1833333333333,최신경계기하대표점:도로탐색보정,20260701,성공,2026-08-30T16:29:10+09:00,182.125,카카오자동차최단거리경로,100.0
경상북도|울진군,A2200007,강원특별자치도삼척의료원,61.05516930103647,95.685,135.7,최신경계기하대표점,20260701,성공,2026-08-30T16:29:08+09:00,95.685,카카오자동차최단거리경로,100.0
경상북도|의성군,A2700014,의료법인안동병원,21.617646202060463,33.254,38.28333333333333,최신경계기하대표점:도로탐색보정,20260701,성공,2026-08-30T16:29:08+09:00,33.254,카카오자동차최단거리경로,55.799562124662586
경상북도|청도군,A1300001,영남대학교병원,26.57148858694993,36.446,81.11666666666666,최신경계기하대표점,20260701,성공,2026-08-30T16:29:09+09:00,36.446,카카오자동차최단거리경로,61.41280741398564
경상북도|청송군,A2700004,안동성소병원,37.97616421493695,51.614,58.55,최신경계기하대표점,20260701,성공,2026-08-30T16:29:09+09:00,51.614,카카오자동차최단거리경로,88.08627375121999
경상북도|칠곡군,A2700013,순천향대학교부속구미병원,12.09235374205074,21.193,35.8,최신경계기하대표점,20260701,성공,2026-08-30T16:30:15+09:00,21.193,카카오자동차최단거리경로,34.589865559961666
경상북도|포항시,A2700002,포항세명기독병원,9.2762911469097,12.663,35.13333333333333,최신경계기하대표점:도로탐색보정,20260701,성공,2026-08-30T16:30:16+09:00,12.663,카카오자동차최단거리경로,19.58955781625063
대구광역시|남구,A1300004,대구가톨릭대학교병원,1.834168967016296,2.683,9.716666666666669,최신경계기하대표점,20260701,성공,2026-08-30T16:30:16+09:00,2.683,카카오자동차최단거리경로,2.039373609657877
대구광역시|달서구,A1300004,대구가톨릭대학교병원,3.9103034928345592,5.587,20.2,최신경계기하대표점,20260701,성공,2026-08-30T16:29:09+09:00,5.587,카카오자동차최단거리경로,7.146160677387871
대구광역시|달성군,A1300004,대구가톨릭대학교병원,11.1728198726046,14.808,37.88333333333333,최신경계기하대표점,20260701,성공,2026-08-30T16:30:18+09:00,14.808,카카오자동차최단거리경로,23.36161644582392
대구광역시|동구,A1300009,대구파티마병원,7.92879822693078,10.493,28.133333333333333,최신경계기하대표점,20260701,성공,2026-08-30T16:29:09+09:00,10.493,카카오자동차최단거리경로,15.77353579938627
대구광역시|북구,A1300010,칠곡경북대학교병원,3.740677332474616,6.543,13.183333333333334,최신경계기하대표점:도로탐색보정,20260701,성공,2026-08-30T16:29:10+09:00,6.543,카카오자동차최단거리경로,8.827320607398159
대구광역시|서구,A1300004,대구가톨릭대학교병원,3.9041433632395006,4.723,14.683333333333334,최신경계기하대표점,20260701,성공,2026-08-30T16:29:10+09:00,4.723,카카오자동차최단거리경로,5.6267860126087
대구광역시|수성구,A1300009,대구파티마병원,6.480567370844545,8.761,30.65,최신경계기하대표점,20260701,성공,2026-08-30T16:30:20+09:00,8.761,카카오자동차최단거리경로,12.727752327861355
대구광역시|중구,A1300002,경북대학교병원,0.0385430968291477,0.315,1.15,최신경계기하대표점:도로탐색보정,20260701,성공,2026-08-30T16:29:10+09:00,0.315,카카오자동차최단거리경로,0.0
대전광역시|대덕구,A1600008,의료법인영훈의료재단대전선병원,8.909993643572532,11.153,28.183333333333334,최신경계기하대표점,20260701,성공,2026-08-30T16:30:22+09:00,11.153,카카오자동차최단거리경로,16.93416922387036
대전광역시|동구,A1600005,학교법인가톨릭학원가톨릭대학교대전성모병원,4.905773141952327,6.194,20.4,최신경계기하대표점,20260701,성공,2026-08-30T16:29:10+09:00,6.194,카카오자동차최단거리경로,8.213591720814906
대전광역시|서구,A1600006,학교법인건양교육재단건양대학교병원,2.906187680325641,5.37,11.633333333333333,최신경계기하대표점,20260701,성공,2026-08-30T16:29:10+09:00,5.37,카카오자동차최단거리경로,6.7645584757014365
대전광역시|유성구,A1600007,의료법인영훈의료재단유성선병원,0.7407127505267703,3.427,5.4,최신경계기하대표점,20260701,성공,2026-08-30T16:29:10+09:00,3.427,카카오자동차최단거리경로,3.347724015439942
대전광역시|중구,A1600001,충남대학교병원,4.043891751264517,8.669,23.5,최신경계기하대표점,20260701,성공,2026-08-30T16:29:10+09:00,8.669,카카오자동차최단거리경로,12.565967062630243
부산광역시|금정구,A1200018,대동병원,6.176462209789408,6.954,23.58333333333333,최신경계기하대표점,20260701,성공,2026-08-30T16:29:10+09:00,6.954,카카오자동차최단거리경로,9.550078694463252
부산광역시|기장군,A1200022,인제대학교 해운대백병원,13.862379881381012,17.274,37.8,최신경계기하대표점,20260701,성공,2026-08-30T16:29:10+09:00,17.274,카카오자동차최단거리경로,27.698164968214478
부산광역시|남구,A1200007,비에이치에스한서병원,4.227445675736633,5.5,20.166666666666668,최신경계기하대표점,20260701,성공,2026-08-30T16:29:10+09:00,5.5,카카오자동차최단거리경로,6.9931680896149695
부산광역시|동구,A1200020,의료법인 온그룹의료재단 온병원,3.207511335140649,4.501,12.95,최신경계기하대표점,20260701,성공,2026-08-30T16:30:26+09:00,4.501,카카오자동차최단거리경로,5.2363911334640525
부산광역시|동래구,A1200018,대동병원,0.2593329372019505,0.388,1.9666666666666663,최신경계기하대표점,20260701,성공,2026-08-30T16:29:10+09:00,0.388,카카오자동차최단거리경로,0.0
부산광역시|부산진구,A1200020,의료법인 온그룹의료재단 온병원,1.0111307142757269,1.428,4.516666666666667,최신경계기하대표점,20260701,성공,2026-08-30T16:29:10+09:00,1.428,카카오자동차최단거리경로,0.0
부산광역시|북구,A1200018,대동병원,6.409306217251785,10.406,26.48333333333333,최신경계기하대표점:도로탐색보정,20260701,성공,2026-08-30T16:29:11+09:00,10.406,카카오자동차최단거리경로,15.62054321161337
부산광역시|사상구,A1200005,의료법인 은성의료재단 좋은삼선병원,2.107194715105199,2.456,7.283333333333333,최신경계기하대표점,20260701,성공,2026-08-30T16:29:10+09:00,2.456,카카오자동차최단거리경로,1.640186053055016
부산광역시|사하구,A1200004,고신대학교복음병원,4.130901946670943,5.128,12.8,최신경계기하대표점,20260701,성공,2026-08-30T16:29:10+09:00,5.128,카카오자동차최단거리경로,6.338992886723938
부산광역시|서구,A1200002,부산대학교병원,0.4374453951695943,0.659,2.183333333333333,최신경계기하대표점,20260701,성공,2026-08-30T16:29:10+09:00,0.659,카카오자동차최단거리경로,0.0
부산광역시|수영구,A1200007,비에이치에스한서병원,0.1041246209857027,0.432,1.6166666666666667,최신경계기하대표점,20260701,성공,2026-08-30T16:29:11+09:00,0.432,카카오자동차최단거리경로,0.0
부산광역시|연제구,A1200018,대동병원,2.4456803329088177,3.184,11.666666666666666,최신경계기하대표점,20260701,성공,2026-08-30T16:29:11+09:00,3.184,카카오자동차최단거리경로,2.9203998909708
부산광역시|영도구,A1200002,부산대학교병원,4.882912820711709,6.983,23.766666666666666,최신경계기하대표점,20260701,성공,2026-08-30T16:30:30+09:00,6.983,카카오자동차최단거리경로,9.601076223720884
부산광역시|중구,A1200002,부산대학교병원,1.2659090040327097,1.721,8.533333333333333,최신경계기하대표점,20260701,성공,2026-08-30T16:29:11+09:00,1.721,카카오자동차최단거리경로,0.3476624666977345
부산광역시|해운대구,A1200007,비에이치에스한서병원,3.77453497193004,5.056,18.966666666666665,최신경계기하대표점:도로탐색보정,20260701,성공,2026-08-30T16:30:31+09:00,5.056,카카오자동차최단거리경로,6.212378331325673
서울특별시|강남구,A1100015,연세대학교의과대학강남세브란스병원,1.5265775274592126,2.014,7.683333333333334,최신경계기하대표점,20260701,성공,2026-08-30T16:29:11+09:00,2.014,카카오자동차최단거리경로,0.862913365749004
서울특별시|강동구,A1100043,강동경희대학교병원,0.9355985116802744,1.573,6.266666666666667,최신경계기하대표점,20260701,성공,2026-08-30T16:29:11+09:00,1.573,카카오자동차최단거리경로,0.08739921393463537
서울특별시|강북구,A1100020,의료법인한전의료재단 한일병원,1.5981022303807746,2.101,8.883333333333333,최신경계기하대표점,20260701,성공,2026-08-30T16:29:11+09:00,2.101,카카오자동차최단거리경로,1.0159059535219073
서울특별시|강서구,A1120796,이화여자대학교의과대학부속서울병원,1.2754290156888062,1.626,8.233333333333333,최신경계기하대표점,20260701,성공,2026-08-30T16:29:11+09:00,1.626,카카오자동차최단거리경로,0.18060159499169096
서울특별시|관악구,A1100012,학교법인가톨릭학원가톨릭대학교서울성모병원,6.4606932966658,9.484,26.5,최신경계기하대표점,20260701,성공,2026-08-30T16:30:35+09:00,9.484,카카오자동차최단거리경로,13.999173488318927
서울특별시|광진구,A1100002,건국대학교병원,1.419187358656025,2.105,9.05,최신경계기하대표점,20260701,성공,2026-08-30T16:29:11+09:00,2.105,카카오자동차최단거리경로,1.0229400954884775
서울특별시|구로구,A2100007,광명성애병원,2.6844733131070284,3.411,15.7,최신경계기하대표점,20260701,성공,2026-08-30T16:30:35+09:00,3.411,카카오자동차최단거리경로,3.319587447573661
서울특별시|금천구,A2100007,광명성애병원,2.965940897744728,3.973,12.55,최신경계기하대표점,20260701,성공,2026-08-30T16:29:12+09:00,3.973,카카오자동차최단거리경로,4.30788439387678
서울특별시|노원구,A1100016,인제대학교상계백병원,1.137361881778894,1.525,7.15,최신경계기하대표점,20260701,성공,2026-08-30T16:29:12+09:00,1.525,카카오자동차최단거리경로,0.0029895103357924138
서울특별시|도봉구,A1100020,의료법인한전의료재단 한일병원,2.5810741595668723,3.357,12.966666666666669,최신경계기하대표점,20260701,성공,2026-08-30T16:29:12+09:00,3.357,카카오자동차최단거리경로,3.2246265310249633
서울특별시|동대문구,A1100001,경희대학교병원,1.361046147213147,1.88,12.133333333333333,최신경계기하대표점,20260701,성공,2026-08-30T16:30:37+09:00,1.88,카카오자동차최단거리경로,0.6272696098689012
서울특별시|동작구,A1100003,중앙대학교병원,1.225500126653838,1.923,7.016666666666667,최신경계기하대표점,20260701,성공,2026-08-30T16:29:12+09:00,1.923,카카오자동차최단거리경로,0.7028866360095315
서울특별시|마포구,A1100007,연세대학교의과대학세브란스병원,2.903677196288007,4.388,20.5,최신경계기하대표점,20260701,성공,2026-08-30T16:29:12+09:00,4.388,카카오자동차최단거리경로,5.037676622908442
서울특별시|서대문구,A1100007,연세대학교의과대학세브란스병원,1.7087435383172562,2.831,10.316666666666666,최신경계기하대표점,20260701,성공,2026-08-30T16:29:12+09:00,2.831,카카오자동차최단거리경로,2.299636862420976
서울특별시|서초구,A1100015,연세대학교의과대학강남세브란스병원,2.523881878171947,3.611,13.816666666666666,최신경계기하대표점,20260701,성공,2026-08-30T16:29:12+09:00,3.611,카카오자동차최단거리경로,3.6712945459021733
서울특별시|성동구,A1100013,한양대학교병원,1.0364477669213703,1.563,4.466666666666667,최신경계기하대표점,20260701,성공,2026-08-30T16:29:13+09:00,1.563,카카오자동차최단거리경로,0.06981385901820976
서울특별시|성북구,A1100008,학교법인 고려중앙학원 고려대학교의과대학부속병원(안암병원),2.209326291153244,3.353,11.766666666666667,최신경계기하대표점,20260701,성공,2026-08-30T16:29:13+09:00,3.353,카카오자동차최단거리경로,3.217592389058393
서울특별시|송파구,A1100009,재단법인아산사회복지재단서울아산병원,2.4669583244118205,4.318,12.5,최신경계기하대표점,20260701,성공,2026-08-30T16:29:13+09:00,4.318,카카오자동차최단거리경로,4.914579138493463
서울특별시|양천구,A1100005,이화여자대학교의과대학부속목동병원,3.0083678171473847,3.899,13.7,최신경계기하대표점,20260701,성공,2026-08-30T16:29:13+09:00,3.899,카카오자동차최단거리경로,4.177752767495231
서울특별시|영등포구,A1100054,성애의료재단성애병원,1.5692058596551317,2.326,8.366666666666667,최신경계기하대표점,20260701,성공,2026-08-30T16:29:13+09:00,2.326,카카오자동차최단거리경로,1.4115764391414833
서울특별시|용산구,A1100004,순천향대학교부속서울병원,2.139803160607404,3.803,13.266666666666667,최신경계기하대표점,20260701,성공,2026-08-30T16:29:13+09:00,3.803,카카오자동차최단거리경로,4.0089333602975445
서울특별시|은평구,A1121013,가톨릭대학교은평성모병원,1.8954943001135365,2.977,13.6,최신경계기하대표점,20260701,성공,2026-08-30T16:29:13+09:00,2.977,카카오자동차최단거리경로,2.55638304420079
서울특별시|종로구,A1100017,서울대학교병원,2.4884711872550884,3.834,13.866666666666667,최신경계기하대표점,20260701,성공,2026-08-30T16:29:13+09:00,3.834,카카오자동차최단거리경로,4.063447960538464
서울특별시|중구,A1100052,국립중앙의료원,1.205249802226542,1.971,6.816666666666666,최신경계기하대표점,20260701,성공,2026-08-30T16:29:13+09:00,1.971,카카오자동차최단거리경로,0.7872963396083745
서울특별시|중랑구,A1100035,서울특별시서울의료원,1.7123485145158168,2.054,7.283333333333333,최신경계기하대표점,20260701,성공,2026-08-30T16:29:13+09:00,2.054,카카오자동차최단거리경로,0.9332547854147065
세종특별자치시|세종시,A1800441,세종충남대학교병원,4.595446402177713,7.439,14.166666666666666,최신경계기하대표점,20260701,성공,2026-08-30T16:29:13+09:00,7.439,카카오자동차최단거리경로,10.402968407909894
울산광역시|남구,A1700003,울산병원,3.442579826947203,5.685,14.5,최신경계기하대표점,20260701,성공,2026-08-30T16:30:46+09:00,5.685,카카오자동차최단거리경로,7.318497155568843
울산광역시|동구,A1700004,학교법인울산공업학원울산대학교병원,0.6233251071136643,1.242,4.133333333333334,최신경계기하대표점,20260701,성공,2026-08-30T16:29:13+09:00,1.242,카카오자동차최단거리경로,0.0
울산광역시|북구,A1700025,의료법인송은의료재단울산시티병원,3.5869262490839127,4.759,13.9,최신경계기하대표점,20260701,성공,2026-08-30T16:29:13+09:00,4.759,카카오자동차최단거리경로,5.690093290307833
울산광역시|울주군,A1700002,의료법인동강의료재단동강병원,10.38494471324945,13.814,34.68333333333333,최신경계기하대표점,20260701,성공,2026-08-30T16:29:13+09:00,13.814,카카오자동차최단거리경로,21.613632167131218
울산광역시|중구,A1700002,의료법인동강의료재단동강병원,2.062070011352795,4.053,9.366666666666667,최신경계기하대표점,20260701,성공,2026-08-30T16:29:13+09:00,4.053,카카오자동차최단거리경로,4.448567233208185
인천광역시|강화군,A2100006,의료법인인봉의료재단뉴고려병원,24.000597284675585,31.696,62.21666666666667,최신경계기하대표점,20260701,성공,2026-08-30T16:29:14+09:00,31.696,카카오자동차최단거리경로,53.05976382868348
인천광역시|검단구,A1400010,검단탑병원,1.8031823873173856,3.367,9.133333333333333,최신경계기하대표점,20260701,성공,2026-08-30T16:29:14+09:00,3.367,카카오자동차최단거리경로,3.242211885941389
인천광역시|계양구,A1400014,의료법인인성의료재단한림병원,2.7806160719266977,3.58,13.4,최신경계기하대표점,20260701,성공,2026-08-30T16:30:50+09:00,3.58,카카오자동차최단거리경로,3.616779945661254
인천광역시|남동구,A1400001,의료법인 길의료재단 길병원,2.826611254348508,3.762,12.5,최신경계기하대표점,20260701,성공,2026-08-30T16:29:14+09:00,3.762,카카오자동차최단거리경로,3.9368334051401996
인천광역시|미추홀구,A1400016,인천사랑병원,1.7065182340341245,2.182,7.583333333333333,최신경계기하대표점,20260701,성공,2026-08-30T16:29:14+09:00,2.182,카카오자동차최단거리경로,1.1583473283449546
인천광역시|부평구,A1400013,안은의료재단 부평세림병원,1.139745175085481,1.508,5.066666666666666,최신경계기하대표점,20260701,성공,2026-08-30T16:29:14+09:00,1.508,카카오자동차최단거리경로,0.0
인천광역시|서해구,A1400015,가톨릭관동대학교국제성모병원,3.017905226498835,4.182,12.616666666666667,최신경계기하대표점,20260701,성공,2026-08-30T16:29:14+09:00,4.182,카카오자동차최단거리경로,4.675418311630076
인천광역시|연수구,A1400011,의료법인 나사렛의료재단 나사렛국제병원,2.649794876222509,3.958,10.75,최신경계기하대표점,20260701,성공,2026-08-30T16:29:14+09:00,3.958,카카오자동차최단거리경로,4.281506361502141
인천광역시|영종구,A1400015,가톨릭관동대학교국제성모병원,20.963739176578144,25.605,37.2,최신경계기하대표점,20260701,성공,2026-08-30T16:30:53+09:00,25.605,카카오자동차최단거리경로,42.34852414908865
인천광역시|옹진군,A1400002,인하대학교의과대학부속병원,180.78623513002844,232.112,243.03333333333333,최신경계기하대표점,20260701,성공,2026-08-30T16:30:54+09:00,232.112,카카오자동차최단거리경로,100.0
인천광역시|제물포구,A1400002,인하대학교의과대학부속병원,1.1037347611657553,3.463,10.833333333333334,최신경계기하대표점,20260701,성공,2026-08-30T16:29:14+09:00,3.463,카카오자동차최단거리경로,3.4110312931390747
전남광주통합특별시|강진군,A2600011,목포한국병원,38.74788387784561,45.323,52.91666666666666,최신경계기하대표점,20260701,성공,2026-08-30T16:29:14+09:00,45.323,카카오자동차최단거리경로,77.02332697329665
전남광주통합특별시|고흥군,A2600014,여천전남병원,36.33558946091455,53.748,76.53333333333333,최신경계기하대표점,20260701,성공,2026-08-30T16:29:14+09:00,53.748,카카오자동차최단거리경로,91.8389884903852
전남광주통합특별시|곡성군,A2500004,전북특별자치도남원의료원,26.373006249914383,30.393,46.15,최신경계기하대표점:도로탐색보정,20260701,성공,2026-08-30T16:29:15+09:00,30.393,카카오자동차최단거리경로,50.76839208307322
전남광주통합특별시|광산구,A1500019,KS병원,7.77699009808645,11.41,22.85,최신경계기하대표점:도로탐색보정,20260701,성공,2026-08-30T16:29:15+09:00,11.41,카카오자동차최단거리경로,17.386112845222502
전남광주통합특별시|광양시,A2600019,성가롤로병원,12.099599756550916,20.947,33.68333333333333,최신경계기하대표점,20260701,성공,2026-08-30T16:29:14+09:00,20.947,카카오자동차최단거리경로,34.1572658290176
전남광주통합특별시|구례군,A2500004,전북특별자치도남원의료원,22.06672980759462,28.773,36.333333333333336,최신경계기하대표점:도로탐색보정,20260701,성공,2026-08-30T16:29:15+09:00,28.773,카카오자동차최단거리경로,47.919564586612275
전남광주통합특별시|나주시,A1500020,서광병원,20.261990600615068,26.264,54.16666666666666,최신경계기하대표점,20260701,성공,2026-08-30T16:29:15+09:00,26.264,카카오자동차최단거리경로,43.50739903808109
전남광주통합특별시|남구,A1500020,서광병원,4.273683733763328,5.814,18.016666666666666,최신경계기하대표점,20260701,성공,2026-08-30T16:29:15+09:00,5.814,카카오자동차최단거리경로,7.545348233990732
전남광주통합특별시|담양군,A1500011,첨단종합병원,15.717323417998172,19.779,33.86666666666667,최신경계기하대표점,20260701,성공,2026-08-30T16:29:15+09:00,19.779,카카오자동차최단거리경로,32.10329637477909
전남광주통합특별시|동구,A1500001,조선대학교병원,3.084824944527946,3.681,10.316666666666666,최신경계기하대표점,20260701,성공,2026-08-30T16:29:15+09:00,3.681,카카오자동차최단거리경로,3.794392030317152
전남광주통합특별시|목포시,A2600011,목포한국병원,2.580973013450018,3.036,8.05,최신경계기하대표점,20260701,성공,2026-08-30T16:29:15+09:00,3.036,카카오자동차최단거리경로,2.660136638207701
전남광주통합특별시|무안군,A2600017,의료법인목포구암의료재단목포중앙병원,15.118576475599582,19.912,33.93333333333333,최신경계기하대표점,20260701,성공,2026-08-30T16:29:15+09:00,19.912,카카오자동차최단거리경로,32.33718159516755
전남광주통합특별시|보성군,A2600001,화순전남대학교병원,30.818552232501425,47.895,44.96666666666667,최신경계기하대표점,20260701,성공,2026-08-30T16:29:15+09:00,47.895,카카오자동차최단거리경로,81.54628025780131
전남광주통합특별시|북구,A1500002,전남대학교병원,5.6908903229094925,6.827,25.03333333333333,최신경계기하대표점,20260701,성공,2026-08-30T16:29:15+09:00,6.827,카카오자동차최단거리경로,9.326744687024647
전남광주통합특별시|서구,A1500020,서광병원,0.5549497089576987,0.781,3.583333333333333,최신경계기하대표점,20260701,성공,2026-08-30T16:29:17+09:00,0.781,카카오자동차최단거리경로,0.0
전남광주통합특별시|순천시,A2600019,성가롤로병원,13.391499802411776,22.302,30.516666666666666,최신경계기하대표점:도로탐색보정,20260701,성공,2026-08-30T16:29:16+09:00,22.302,카카오자동차최단거리경로,36.54008142019327
전남광주통합특별시|신안군,A2600017,의료법인목포구암의료재단목포중앙병원,28.8464471157957,48.094,66.0,최신경계기하대표점,20260701,성공,2026-08-30T16:31:06+09:00,48.094,카카오자동차최단거리경로,81.89622882063819
전남광주통합특별시|여수시,A2600014,여천전남병원,1.5231912449912577,1.983,5.2,최신경계기하대표점,20260701,성공,2026-08-30T16:29:16+09:00,1.983,카카오자동차최단거리경로,0.8083987655080853
전남광주통합특별시|영광군,A1500020,서광병원,40.47896387493038,47.451,60.55,최신경계기하대표점,20260701,성공,2026-08-30T16:31:08+09:00,47.451,카카오자동차최단거리경로,80.76549049951201
전남광주통합특별시|영암군,A2600011,목포한국병원,19.38100846092436,33.495,53.95,최신경계기하대표점,20260701,성공,2026-08-30T16:31:09+09:00,33.495,카카오자동차최단거리경로,56.22336917814844
전남광주통합특별시|완도군,A2600011,목포한국병원,57.26575039909597,78.155,89.91666666666667,최신경계기하대표점:도로탐색보정,20260701,성공,2026-08-30T16:29:16+09:00,78.155,카카오자동차최단거리경로,100.0
전남광주통합특별시|장성군,A1500011,첨단종합병원,13.909470622593714,17.26,30.55,최신경계기하대표점,20260701,성공,2026-08-30T16:29:16+09:00,17.26,카카오자동차최단거리경로,27.67354547133148
전남광주통합특별시|장흥군,A2600001,화순전남대학교병원,43.13538777347922,56.016,65.53333333333333,최신경계기하대표점,20260701,성공,2026-08-30T16:29:16+09:00,56.016,카카오자동차최단거리경로,95.82734698543054
전남광주통합특별시|진도군,A2600011,목포한국병원,45.90364310181987,58.868,73.31666666666666,최신경계기하대표점,20260701,성공,2026-08-30T16:29:16+09:00,58.868,카카오자동차최단거리경로,100.0
전남광주통합특별시|함평군,A2600017,의료법인목포구암의료재단목포중앙병원,34.07201924712668,39.481,57.6,최신경계기하대표점,20260701,성공,2026-08-30T16:31:13+09:00,39.481,카카오자동차최단거리경로,66.74996263112081
전남광주통합특별시|해남군,A2600011,목포한국병원,29.846811216945103,39.869,64.16666666666667,최신경계기하대표점,20260701,성공,2026-08-30T16:29:17+09:00,39.869,카카오자동차최단거리경로,67.43227440187812
전남광주통합특별시|화순군,A2600001,화순전남대학교병원,6.280907054842064,8.016,17.783333333333335,최신경계기하대표점,20260701,성공,2026-08-30T16:29:17+09:00,8.016,카카오자동차최단거리경로,11.41764338658765
전북특별자치도|고창군,A2500008,재단법인 아산사회복지재단 정읍아산병원,24.4486218539214,30.79,37.23333333333333,최신경계기하대표점,20260701,성공,2026-08-30T16:29:17+09:00,30.79,카카오자동차최단거리경로,51.46653067325532
전북특별자치도|군산시,A2500007,전북특별자치도군산의료원,0.8777038916445791,0.96,3.633333333333333,최신경계기하대표점,20260701,성공,2026-08-30T16:29:17+09:00,0.96,카카오자동차최단거리경로,0.0
전북특별자치도|김제시,A2500005,의료법인영경의료재단전주병원,19.67555057664155,21.377,34.78333333333333,최신경계기하대표점,20260701,성공,2026-08-30T16:31:16+09:00,21.377,카카오자동차최단거리경로,34.91343609042389
전북특별자치도|남원시,A2500004,전북특별자치도남원의료원,3.2882775888141667,5.052,9.05,최신경계기하대표점,20260701,성공,2026-08-30T16:29:17+09:00,5.052,카카오자동차최단거리경로,6.205344189359101
전북특별자치도|무주군,A1600005,학교법인가톨릭학원가톨릭대학교대전성모병원,50.11100983341237,63.695,67.35,최신경계기하대표점,20260701,성공,2026-08-30T16:31:17+09:00,63.695,카카오자동차최단거리경로,100.0
전북특별자치도|부안군,A2500008,재단법인 아산사회복지재단 정읍아산병원,19.21416887130692,30.034,44.833333333333336,최신경계기하대표점,20260701,성공,2026-08-30T16:29:17+09:00,30.034,카카오자동차최단거리경로,50.13707784157354
전북특별자치도|순창군,A2500004,전북특별자치도남원의료원,28.755832459865136,39.125,40.23333333333333,최신경계기하대표점,20260701,성공,2026-08-30T16:29:17+09:00,39.125,카카오자동차최단거리경로,66.12392399609605
전북특별자치도|익산시,A2500001,원광대학교병원,7.096418645361641,10.21,16.366666666666667,최신경계기하대표점,20260701,성공,2026-08-30T16:29:17+09:00,10.21,카카오자동차최단거리경로,15.27587025525143
전북특별자치도|임실군,A2500006,재단법인예수병원유지재단예수병원,25.819374710048827,35.704,52.1,최신경계기하대표점,20260701,성공,2026-08-30T16:31:20+09:00,35.704,카카오자동차최단거리경로,60.10797407918685
전북특별자치도|장수군,A2500004,전북특별자치도남원의료원,27.946523844253587,38.803,51.583333333333336,최신경계기하대표점,20260701,성공,2026-08-30T16:29:17+09:00,38.803,카카오자동차최단거리경로,65.55767556778714
전북특별자치도|전주시,A2500005,의료법인영경의료재단전주병원,1.6686593440614312,2.248,7.166666666666667,최신경계기하대표점,20260701,성공,2026-08-30T16:29:17+09:00,2.248,카카오자동차최단거리경로,1.274410670793364
전북특별자치도|정읍시,A2500008,재단법인 아산사회복지재단 정읍아산병원,7.53398252216583,9.593,18.716666666666665,최신경계기하대표점,20260701,성공,2026-08-30T16:29:17+09:00,9.593,카카오자동차최단거리경로,14.190853856907971
전북특별자치도|진안군,A2500056,대자인병원,26.01697317135964,37.175,46.03333333333333,최신경계기하대표점:도로탐색보정,20260701,성공,2026-08-30T16:29:17+09:00,37.175,카카오자동차최단거리경로,62.69477978739306
제주특별자치도|서귀포시,A2900002,제주특별자치도서귀포의료원,8.044270896748445,10.037,21.816666666666663,최신경계기하대표점:도로탐색보정,20260701,성공,2026-08-30T16:29:17+09:00,10.037,카카오자동차최단거리경로,14.971643615197264
제주특별자치도|제주시,A2900007,제주대학교병원,3.011419974819161,4.692,14.55,최신경계기하대표점,20260701,성공,2026-08-30T16:29:17+09:00,4.692,카카오자동차최단거리경로,5.5722714123677815
충청남도|공주시,A1800441,세종충남대학교병원,16.913768192234368,20.992,39.56666666666667,최신경계기하대표점,20260701,성공,2026-08-30T16:29:18+09:00,20.992,카카오자동차최단거리경로,34.236399926141516
충청남도|금산군,A1600005,학교법인가톨릭학원가톨릭대학교대전성모병원,23.24242044702485,29.754,42.06666666666667,최신경계기하대표점,20260701,성공,2026-08-30T16:31:25+09:00,29.754,카카오자동차최단거리경로,49.64468790391363
충청남도|논산시,A2400009,의료법인백제병원,5.7113695978865495,7.044,20.1,최신경계기하대표점,20260701,성공,2026-08-30T16:29:17+09:00,7.044,카카오자동차최단거리경로,9.70834688871108
충청남도|당진시,A2400008,당진종합병원,2.9061865894875663,3.99,7.2,최신경계기하대표점,20260701,성공,2026-08-30T16:29:18+09:00,3.99,카카오자동차최단거리경로,4.337779497234704
충청남도|보령시,A2400011,재단법인아산사회복지재단보령아산병원,4.985636337894701,5.565,13.7,최신경계기하대표점,20260701,성공,2026-08-30T16:29:18+09:00,5.565,카카오자동차최단거리경로,7.1074728965717355
충청남도|부여군,A2400009,의료법인백제병원,22.1188966300738,27.416,33.43333333333333,최신경계기하대표점,20260701,성공,2026-08-30T16:29:18+09:00,27.416,카카오자동차최단거리경로,45.53323192445332
충청남도|서산시,A2400006,충청남도서산의료원,1.7270567077560406,2.15,7.3,최신경계기하대표점,20260701,성공,2026-08-30T16:29:18+09:00,2.15,카카오자동차최단거리경로,1.1020741926123925
충청남도|서천군,A2500012,의료법인오성의료재단동군산병원,14.664085133955613,17.929,26.316666666666663,최신경계기하대표점,20260701,성공,2026-08-30T16:29:18+09:00,17.929,카카오자동차최단거리경로,28.85000571524035
충청남도|아산시,A2402257,아산충무병원,4.674048834270946,5.676,12.833333333333334,최신경계기하대표점,20260701,성공,2026-08-30T16:29:18+09:00,5.676,카카오자동차최단거리경로,7.30267033614406
충청남도|예산군,A2400007,충청남도홍성의료원,12.58859486914788,38.74,48.48333333333333,최신경계기하대표점,20260701,성공,2026-08-30T16:29:18+09:00,38.74,카카오자동차최단거리경로,65.44688783181367
충청남도|천안시,A2400001,학교법인동은학원순천향대학교부속천안병원,5.95121605883396,8.537,19.83333333333333,최신경계기하대표점,20260701,성공,2026-08-30T16:31:33+09:00,8.537,카카오자동차최단거리경로,12.333840377733425
충청남도|청양군,A2400011,재단법인아산사회복지재단보령아산병원,21.3319583747562,28.181,37.88333333333333,최신경계기하대표점,20260701,성공,2026-08-30T16:29:18+09:00,28.181,카카오자동차최단거리경로,46.87851157555988
충청남도|태안군,A2400006,충청남도서산의료원,18.434803047593796,24.661,28.066666666666663,최신경계기하대표점,20260701,성공,2026-08-30T16:29:18+09:00,24.661,카카오자동차최단거리경로,40.688466644978064
충청남도|홍성군,A2400007,충청남도홍성의료원,5.666890462168894,11.189,23.3,최신경계기하대표점,20260701,성공,2026-08-30T16:29:18+09:00,11.189,카카오자동차최단거리경로,16.997476501569494
충청북도|괴산군,A2300010,건국대학교충주병원,24.902673219210744,34.077,46.45,최신경계기하대표점,20260701,성공,2026-08-30T16:29:18+09:00,34.077,카카오자동차최단거리경로,57.24683683428441
충청북도|단양군,A2300005,의료법인자산의료재단제천서울병원,22.75063358440807,28.113,41.06666666666667,최신경계기하대표점,20260701,성공,2026-08-30T16:29:18+09:00,28.113,카카오자동차최단거리경로,46.75893116212818
충청북도|보은군,A2300007,의료법인인화재단한국병원,25.299737683483453,36.261,50.85,최신경계기하대표점,20260701,성공,2026-08-30T16:29:18+09:00,36.261,카카오자동차최단거리경로,61.087478348031766
충청북도|영동군,A2700012,의료법인덕산의료재단김천제일병원,27.47268425880246,38.576,38.48333333333333,최신경계기하대표점,20260701,성공,2026-08-30T16:29:18+09:00,38.576,카카오자동차최단거리경로,65.15848801118429
충청북도|옥천군,A1600005,학교법인가톨릭학원가톨릭대학교대전성모병원,22.17980823988741,39.832,65.55,최신경계기하대표점:도로탐색보정,20260701,성공,2026-08-30T16:29:18+09:00,39.832,카카오자동차최단거리경로,67.36720858868735
충청북도|음성군,A2300013,의료법인 건명의료재단 중앙제일병원,20.240038700914045,25.134,30.4,최신경계기하대표점,20260701,성공,2026-08-30T16:29:18+09:00,25.134,카카오자동차최단거리경로,41.520253932524994
충청북도|제천시,A2300005,의료법인자산의료재단제천서울병원,10.469801279733984,16.477,28.83333333333333,최신경계기하대표점,20260701,성공,2026-08-30T16:29:18+09:00,16.477,카카오자동차최단거리경로,26.296612181375355
충청북도|진천군,A2300013,의료법인 건명의료재단 중앙제일병원,1.3722607579702382,1.679,4.533333333333333,최신경계기하대표점,20260701,성공,2026-08-30T16:29:18+09:00,1.679,카카오자동차최단거리경로,0.27380397604874696
충청북도|청주시,A2300003,의료법인정산의료재단효성병원,0.4219897629887782,0.643,2.4,최신경계기하대표점,20260701,성공,2026-08-30T16:29:19+09:00,0.643,카카오자동차최단거리경로,0.0
충청북도|충주시,A2300010,건국대학교충주병원,4.476062473032134,9.693,14.633333333333333,최신경계기하대표점:도로탐색보정,20260701,성공,2026-08-30T16:29:19+09:00,9.693,카카오자동차최단거리경로,14.366707406072221
