기관코드,병원명,등급,시도,시군구,가용병상,전체병상,포화율,상태,API기준시각,수집시각
A1100001,경희대학교병원,지역응급의료센터,서울특별시,동대문구,7.0,15.0,53.333333333333336,주의,20260719141534,2026-07-19T14:22:34+09:00
A1100002,건국대학교병원,지역응급의료센터,서울특별시,광진구,10.0,20.0,50.0,여유,20260719141302,2026-07-19T14:22:34+09:00
A1100003,중앙대학교병원,지역응급의료센터,서울특별시,동작구,7.0,18.0,61.111111111111114,주의,20260719141508,2026-07-19T14:22:34+09:00
A1100004,순천향대학교부속서울병원,지역응급의료센터,서울특별시,용산구,16.0,20.0,20.0,여유,20260719141522,2026-07-19T14:22:34+09:00
A1100005,이화여자대학교의과대학부속목동병원,권역응급의료센터,서울특별시,양천구,12.0,19.0,36.84210526315789,여유,20260719141041,2026-07-19T14:22:34+09:00
A1100006,강북삼성병원,지역응급의료센터,서울특별시,종로구,0.0,15.0,100.0,포화,20260719141526,2026-07-19T14:22:34+09:00
A1100007,연세대학교의과대학세브란스병원,지역응급의료센터,서울특별시,서대문구,2.0,39.0,94.87179487179486,포화,20260719141416,2026-07-19T14:22:34+09:00
A1100008,학교법인고려중앙학원고려대학교의과대학부속병원(안암병원),권역응급의료센터,서울특별시,성북구,18.0,30.0,40.0,여유,20260719141237,2026-07-19T14:22:34+09:00
A1100009,재단법인아산사회복지재단서울아산병원,지역응급의료센터,서울특별시,송파구,-3.0,36.0,,결측,20260719141315,2026-07-19T14:22:34+09:00
A1100010,삼성서울병원,지역응급의료센터,서울특별시,강남구,-9.0,52.0,,결측,20260719141219,2026-07-19T14:22:34+09:00
A1100011,가톨릭대학교여의도성모병원,지역응급의료센터,서울특별시,영등포구,10.0,15.0,33.33333333333333,여유,20260719141511,2026-07-19T14:22:34+09:00
A1100012,학교법인가톨릭학원가톨릭대학교서울성모병원,지역응급의료센터,서울특별시,서초구,-7.0,28.0,,결측,20260719141511,2026-07-19T14:22:34+09:00
A1100013,한양대학교병원,권역응급의료센터,서울특별시,성동구,8.0,20.0,60.0,주의,20260719141259,2026-07-19T14:22:34+09:00
A1100014,고려대학교의과대학부속구로병원,권역응급의료센터,서울특별시,구로구,10.0,29.0,65.51724137931035,주의,20260719141458,2026-07-19T14:22:34+09:00
A1100015,연세대학교의과대학강남세브란스병원,지역응급의료센터,서울특별시,강남구,2.0,21.0,90.47619047619048,포화,20260719141203,2026-07-19T14:22:34+09:00
A1100016,인제대학교상계백병원,지역응급의료센터,서울특별시,노원구,9.0,16.0,43.75,여유,20260719141308,2026-07-19T14:22:34+09:00
A1100017,서울대학교병원,권역응급의료센터,서울특별시,종로구,-5.0,24.0,,결측,20260719141455,2026-07-19T14:22:34+09:00
A1100019,홍익병원,지역응급의료기관,서울특별시,양천구,5.0,9.0,44.44444444444444,여유,20260719141440,2026-07-19T14:22:34+09:00
A1100020,의료법인한전의료재단한일병원,지역응급의료센터,서울특별시,도봉구,10.0,21.0,52.38095238095239,주의,20260719141503,2026-07-19T14:22:34+09:00
A1100021,삼육서울병원,지역응급의료센터,서울특별시,동대문구,6.0,13.0,53.84615384615385,주의,20260719141138,2026-07-19T14:22:34+09:00
A1100022,서울특별시동부병원,지역응급의료기관,서울특별시,동대문구,8.0,8.0,0.0,여유,20260719141520,2026-07-19T14:22:34+09:00
A1100023,의료법인청구성심병원,지역응급의료기관,서울특별시,은평구,6.0,10.0,40.0,여유,20260719141244,2026-07-19T14:22:34+09:00
A1100024,명지성모병원,지역응급의료기관,서울특별시,영등포구,8.0,8.0,0.0,여유,20260719141511,2026-07-19T14:22:34+09:00
A1100025,의료법인동신의료재단동신병원,지역응급의료기관,서울특별시,서대문구,8.0,9.0,11.11111111111111,여유,20260719141243,2026-07-19T14:22:34+09:00
A1100026,구로성심병원,지역응급의료기관,서울특별시,구로구,6.0,9.0,33.33333333333333,여유,20260719141523,2026-07-19T14:22:34+09:00
A1100027,한국원자력의학원원자력병원,지역응급의료기관,서울특별시,노원구,9.0,9.0,0.0,여유,20260719141428,2026-07-19T14:22:34+09:00
A1100028,성심의료재단강동성심병원,지역응급의료센터,서울특별시,강동구,5.0,15.0,66.66666666666666,주의,20260719141415,2026-07-19T14:22:34+09:00
A1100029,서울적십자병원,지역응급의료기관,서울특별시,종로구,9.0,10.0,10.0,여유,20260719141428,2026-07-19T14:22:34+09:00
A1100030,의료법인성화의료재단대한병원,응급실운영신고기관,서울특별시,강북구,,,,결측,,
A1100032,세란병원,지역응급의료기관,서울특별시,종로구,7.0,10.0,30.0,여유,20260719141405,2026-07-19T14:22:34+09:00
A1100035,서울특별시서울의료원,권역응급의료센터,서울특별시,중랑구,0.0,19.0,100.0,포화,20260719141500,2026-07-19T14:22:34+09:00
A1100036,부민병원,지역응급의료기관,서울특별시,강서구,9.0,10.0,10.0,여유,20260719141112,2026-07-19T14:22:34+09:00
A1100037,대림성모병원,지역응급의료기관,서울특별시,영등포구,6.0,8.0,25.0,여유,20260719141039,2026-07-19T14:22:34+09:00
A1100038,한림대학교한강성심병원,응급실운영신고기관,서울특별시,영등포구,,,,결측,,
A1100039,경찰병원,지역응급의료기관,서울특별시,송파구,2.0,3.0,33.33333333333333,여유,20260719141502,2026-07-19T14:22:34+09:00
A1100040,서울특별시보라매병원,지역응급의료센터,서울특별시,동작구,13.0,31.0,58.06451612903226,주의,20260719141500,2026-07-19T14:22:34+09:00
A1100041,의료법인서울효천의료재단에이치플러스양지병원,지역응급의료센터,서울특별시,관악구,12.0,18.0,33.33333333333333,여유,20260719141511,2026-07-19T14:22:34+09:00
A1100042,우리들병원,응급실운영신고기관,서울특별시,강서구,,,,결측,,
A1100043,강동경희대학교병원,권역응급의료센터,서울특별시,강동구,5.0,15.0,66.66666666666666,주의,20260719141518,2026-07-19T14:22:34+09:00
A1100044,녹색병원,지역응급의료기관,서울특별시,중랑구,-4.0,5.0,,결측,20260719141506,2026-07-19T14:22:34+09:00
A1100045,씨엠병원,지역응급의료기관,서울특별시,영등포구,6.0,9.0,33.33333333333333,여유,20260719140000,2026-07-19T14:22:34+09:00
A1100046,미즈메디병원,응급실운영신고기관,서울특별시,강서구,,,,결측,,
A1100047,강남고려병원,응급실운영신고기관,서울특별시,관악구,,,,결측,,
A1100048,노원을지대학교병원,지역응급의료센터,서울특별시,노원구,8.0,17.0,52.94117647058824,주의,20260719141102,2026-07-19T14:22:34+09:00
A1100049,희명병원,지역응급의료기관,서울특별시,금천구,8.0,10.0,20.0,여유,20260719141425,2026-07-19T14:22:34+09:00
A1100050,서울성심병원,지역응급의료기관,서울특별시,동대문구,16.0,17.0,5.88235294117647,여유,20260719141316,2026-07-19T14:22:34+09:00
A1100051,혜민병원,지역응급의료기관,서울특별시,광진구,6.0,9.0,33.33333333333333,여유,20260719141039,2026-07-19T14:22:34+09:00
A1100052,국립중앙의료원,지역응급의료센터,서울특별시,중구,12.0,15.0,20.0,여유,20260719141304,2026-07-19T14:22:34+09:00
A1100053,한국보훈복지의료공단중앙보훈병원,지역응급의료센터,서울특별시,강동구,10.0,22.0,54.54545454545454,주의,20260719141330,2026-07-19T14:22:34+09:00
A1100054,성애의료재단성애병원,지역응급의료센터,서울특별시,영등포구,11.0,15.0,26.666666666666668,여유,20260719141417,2026-07-19T14:22:34+09:00
A1100055,한림대학교강남성심병원,지역응급의료센터,서울특별시,영등포구,10.0,20.0,50.0,여유,20260719141214,2026-07-19T14:22:34+09:00
A1100057,차의과학대학교강남차병원,응급실운영신고기관,서울특별시,강남구,,,,결측,,
A1100063,신촌연세병원,응급실운영신고기관,서울특별시,마포구,,,,결측,,
A1100075,의료법인풍산의료재단동부제일병원,지역응급의료기관,서울특별시,중랑구,7.0,7.0,0.0,여유,20260719141042,2026-07-19T14:22:34+09:00
A1100076,강남힐병원,응급실운영신고기관,서울특별시,관악구,,,,결측,,
A1100141,강남베드로병원,응급실운영신고기관,서울특별시,강남구,,,,결측,,
A1100148,사랑의병원,응급실운영신고기관,서울특별시,관악구,,,,결측,,
A1100152,은평연세병원,응급실운영신고기관,서울특별시,은평구,,,,결측,,
A1100163,한강수병원,응급실운영신고기관,서울특별시,영등포구,,,,결측,,
A1100172,서울현대병원,응급실운영신고기관,서울특별시,강북구,,,,결측,,
A1100223,서울특별시서남병원,지역응급의료기관,서울특별시,양천구,15.0,17.0,11.76470588235294,여유,20260719141000,2026-07-19T14:22:34+09:00
A1100255,의료법인인봉의료재단영등포병원,응급실운영신고기관,서울특별시,영등포구,,,,결측,,
A1107402,서울대학교치과병원,응급실운영신고기관,서울특별시,종로구,,,,결측,,
A1117070,최원호병원,응급실운영신고기관,서울특별시,은평구,,,,결측,,
A1117285,강서케이병원,응급실운영신고기관,서울특별시,강서구,,,,결측,,
A1120432,올바로병원,응급실운영신고기관,서울특별시,서초구,,,,결측,,
A1120796,이화여자대학교의과대학부속서울병원,지역응급의료센터,서울특별시,강서구,-1.0,14.0,,결측,20260719141137,2026-07-19T14:22:34+09:00
A1121013,가톨릭대학교은평성모병원,지역응급의료센터,서울특별시,은평구,-1.0,24.0,,결측,20260719141511,2026-07-19T14:22:34+09:00
A1121842,강북으뜸병원,응급실운영신고기관,서울특별시,강북구,,,,결측,,
A1122033,기쁨병원,지역응급의료기관,서울특별시,서초구,0.0,4.0,100.0,포화,20260719141447,2026-07-19T14:22:34+09:00
A1122381,재단법인베스티안재단베스티안서울병원,응급실운영신고기관,서울특별시,성동구,,,,결측,,
A1123234,더드림병원,응급실운영신고기관,서울특별시,강남구,,,,결측,,
A1125429,강철병원,응급실운영신고기관,서울특별시,송파구,,,,결측,,
A1126226,낭만병원,응급실운영신고기관,서울특별시,동작구,,,,결측,,
A1200001,인제대학교부산백병원,지역응급의료센터,부산광역시,부산진구,15.0,22.0,31.818181818181817,여유,20260719141509,2026-07-19T14:22:34+09:00
A1200002,부산대학교병원,지역응급의료센터,부산광역시,서구,6.0,17.0,64.70588235294117,주의,20260719141500,2026-07-19T14:22:34+09:00
A1200003,동아대학교병원,권역응급의료센터,부산광역시,서구,16.0,26.0,38.46153846153847,여유,20260719141210,2026-07-19T14:22:34+09:00
A1200004,고신대학교복음병원,지역응급의료센터,부산광역시,서구,22.0,25.0,12.0,여유,20260719141442,2026-07-19T14:22:34+09:00
A1200005,의료법인 은성의료재단 좋은삼선병원,지역응급의료센터,부산광역시,사상구,-1.0,13.0,,결측,20260719141456,2026-07-19T14:22:34+09:00
A1200006,의료법인 인당의료재단 부민병원,지역응급의료기관,부산광역시,북구,5.0,10.0,50.0,여유,20260719141112,2026-07-19T14:22:34+09:00
A1200007,비에이치에스한서병원,지역응급의료센터,부산광역시,수영구,12.0,17.0,29.411764705882355,여유,20260719141523,2026-07-19T14:22:34+09:00
A1200008,의료법인 은성의료재단 좋은강안병원,지역응급의료기관,부산광역시,수영구,0.0,18.0,100.0,포화,20260719141518,2026-07-19T14:22:34+09:00
A1200009,의료법인 광혜의료재단 광혜병원,지역응급의료기관,부산광역시,동래구,9.0,9.0,0.0,여유,20260719141403,2026-07-19T14:22:34+09:00
A1200011,동래봉생병원,지역응급의료기관,부산광역시,동래구,3.0,8.0,62.5,주의,20260719141306,2026-07-19T14:22:34+09:00
A1200012,의료법인 행도의료재단 해동병원,지역응급의료기관,부산광역시,영도구,1.0,6.0,83.33333333333334,포화,20260719141504,2026-07-19T14:22:34+09:00
A1200013,부산성모병원(재단법인 천주교부산교구유지재단),지역응급의료기관,부산광역시,남구,0.0,10.0,100.0,포화,20260719141209,2026-07-19T14:22:34+09:00
A1200014,영도병원,지역응급의료기관,부산광역시,영도구,4.0,7.0,42.857142857142854,여유,20260719141412,2026-07-19T14:22:34+09:00
A1200015,동남권원자력의학원원자력병원,지역응급의료기관,부산광역시,기장군,4.0,9.0,55.55555555555556,주의,20260719141504,2026-07-19T14:22:34+09:00
A1200016,한국보훈복지의료공단 부산보훈병원,지역응급의료기관,부산광역시,사상구,9.0,11.0,18.181818181818183,여유,20260719141250,2026-07-19T14:22:34+09:00
A1200017,의료법인정화의료재단 봉생기념병원,지역응급의료기관,부산광역시,동구,5.0,9.0,44.44444444444444,여유,20260719141452,2026-07-19T14:22:34+09:00
A1200018,대동병원,지역응급의료센터,부산광역시,동래구,9.0,15.0,40.0,여유,20260719141118,2026-07-19T14:22:34+09:00
A1200019,학교법인)동의병원,지역응급의료기관,부산광역시,부산진구,13.0,14.0,7.142857142857142,여유,20260719141500,2026-07-19T14:22:34+09:00
A1200020,의료법인 온그룹의료재단 온병원,지역응급의료센터,부산광역시,부산진구,14.0,20.0,30.0,여유,20260719141039,2026-07-19T14:22:34+09:00
A1200021,삼육부산병원,지역응급의료기관,부산광역시,서구,3.0,9.0,66.66666666666666,주의,20260719141324,2026-07-19T14:22:34+09:00
A1200022,인제대학교 해운대백병원,권역응급의료센터,부산광역시,해운대구,18.0,29.0,37.93103448275862,여유,20260719141131,2026-07-19T14:22:34+09:00
A1200023,재단법인천주교부산교구유지재단 메리놀병원,지역응급의료기관,부산광역시,중구,6.0,9.0,33.33333333333333,여유,20260719141508,2026-07-19T14:22:34+09:00
A1200024,부산광역시의료원,지역응급의료기관,부산광역시,연제구,13.0,18.0,27.77777777777778,여유,20260719141454,2026-07-19T14:22:34+09:00
A1200025,학교법인 춘해병원,지역응급의료기관,부산광역시,부산진구,8.0,9.0,11.11111111111111,여유,20260719141410,2026-07-19T14:22:34+09:00
A1200026,좋은문화병원,지역응급의료기관,부산광역시,동구,1.0,7.0,85.71428571428571,포화,20260719141342,2026-07-19T14:22:34+09:00
A1200027,재단법인일신기독교선교회 일신기독병원,응급실운영신고기관,부산광역시,동구,,,,결측,,
A1200028,(의)서일의료재단기장병원,지역응급의료기관,부산광역시,기장군,8.0,9.0,11.11111111111111,여유,20260719141440,2026-07-19T14:22:34+09:00
A1200045,구포성심병원,지역응급의료기관,부산광역시,북구,-1.0,9.0,,결측,20260719141256,2026-07-19T14:22:34+09:00
A1200048,효성시티병원,응급실운영신고기관,부산광역시,해운대구,,,,결측,,
A1200081,의료법인 라움의료재단 세웅병원,응급실운영신고기관,부산광역시,금정구,,,,결측,,
A1200089,큐병원,응급실운영신고기관,부산광역시,사하구,,,,결측,,
A1200098,의료법인 센텀의료재단 센텀종합병원,지역응급의료기관,부산광역시,수영구,4.0,9.0,55.55555555555556,주의,20260719141224,2026-07-19T14:22:34+09:00
A1200101,의료법인센텀의료재단 서부산센텀병원,응급실운영신고기관,부산광역시,사상구,,,,결측,,
A1200110,재단법인 베스티안재단 베스티안부산병원,응급실운영신고기관,부산광역시,북구,,,,결측,,
A1200111,세일병원,응급실운영신고기관,부산광역시,동구,,,,결측,,
A1205143,의료법인 인당의료재단 해운대부민병원,지역응급의료기관,부산광역시,해운대구,4.0,9.0,55.55555555555556,주의,20260719141112,2026-07-19T14:22:34+09:00
A1206845,빌리브세웅병원,응급실운영신고기관,부산광역시,동래구,,,,결측,,
A1300001,영남대학교병원,권역응급의료센터,대구광역시,남구,21.0,28.0,25.0,여유,20260719141237,2026-07-19T14:22:34+09:00
A1300002,경북대학교병원,권역응급의료센터,대구광역시,중구,15.0,25.0,40.0,여유,20260719141207,2026-07-19T14:22:34+09:00
A1300003,계명대학교동산병원,지역응급의료센터,대구광역시,달서구,5.0,23.0,78.26086956521739,주의,20260719141424,2026-07-19T14:22:34+09:00
A1300004,대구가톨릭대학교병원,지역응급의료센터,대구광역시,남구,7.0,24.0,70.83333333333334,주의,20260719141227,2026-07-19T14:22:34+09:00
A1300005,대구가톨릭대학교칠곡가톨릭병원,지역응급의료기관,대구광역시,북구,-1.0,9.0,,결측,20260719141220,2026-07-19T14:22:34+09:00
A1300006,의료법인구의료재단구병원,지역응급의료기관,대구광역시,달서구,4.0,10.0,60.0,주의,20260719141511,2026-07-19T14:22:34+09:00
A1300007,대구의료원,지역응급의료기관,대구광역시,서구,16.0,18.0,11.11111111111111,여유,20260719141502,2026-07-19T14:22:34+09:00
A1300008,곽병원,지역응급의료기관,대구광역시,중구,4.0,10.0,60.0,주의,20260719141430,2026-07-19T14:22:34+09:00
A1300009,대구파티마병원,지역응급의료센터,대구광역시,동구,1.0,25.0,96.0,포화,20260719141500,2026-07-19T14:22:34+09:00
A1300010,칠곡경북대학교병원,지역응급의료센터,대구광역시,북구,4.0,23.0,82.6086956521739,포화,20260719141508,2026-07-19T14:22:34+09:00
A1300011,한국보훈복지의료공단대구보훈병원,지역응급의료기관,대구광역시,달서구,6.0,12.0,50.0,여유,20260719141041,2026-07-19T14:22:34+09:00
A1300018,강남종합병원,지역응급의료기관,대구광역시,동구,13.0,15.0,13.333333333333334,여유,20260719140749,2026-07-19T14:22:34+09:00
A1300033,의료법인백천의료재단바로본병원,응급실운영신고기관,대구광역시,동구,,,,결측,,
A1300034,드림종합병원,지역응급의료기관,대구광역시,남구,4.0,8.0,50.0,여유,20260719141457,2026-07-19T14:22:34+09:00
A1300038,나사렛종합병원,지역응급의료기관,대구광역시,달서구,1.0,9.0,88.88888888888889,포화,20260719141054,2026-07-19T14:22:34+09:00
A1300045,삼일병원,지역응급의료기관,대구광역시,달서구,6.0,14.0,57.14285714285714,주의,20260719141517,2026-07-19T14:22:34+09:00
A1300063,MS재건병원,응급실운영신고기관,대구광역시,중구,,,,결측,,
A1300065,새동산병원,응급실운영신고기관,대구광역시,서구,,,,결측,,
A1300076,대구굿모닝병원,지역응급의료기관,대구광역시,서구,15.0,17.0,11.76470588235294,여유,20260719141402,2026-07-19T14:22:34+09:00
A1300081,(재)미리내천주성삼성직수도회천주성삼병원,지역응급의료기관,대구광역시,수성구,8.0,9.0,11.11111111111111,여유,20260719141503,2026-07-19T14:22:34+09:00
A1300110,더블유병원,지역응급의료기관,대구광역시,달서구,0.0,10.0,100.0,포화,20260719141406,2026-07-19T14:22:34+09:00
A1303386,계명대학교대구동산병원,지역응급의료기관,대구광역시,중구,7.0,12.0,41.66666666666667,여유,20260719141425,2026-07-19T14:22:34+09:00
A1303449,행복한 병원,응급실운영신고기관,대구광역시,달성군,,,,결측,,
A1303923,더필병원,응급실운영신고기관,대구광역시,서구,,,,결측,,
A1304119,대구예스병원,응급실운영신고기관,대구광역시,남구,,,,결측,,
A1400001,의료법인 길의료재단 길병원,권역응급의료센터,인천광역시,남동구,-2.0,23.0,,결측,20260719141535,2026-07-19T14:22:34+09:00
A1400002,인하대학교의과대학부속병원,권역응급의료센터,인천광역시,제물포구,4.0,20.0,80.0,주의,20260719141053,2026-07-19T14:22:34+09:00
A1400003,의료법인 루가의료재단 나은병원,지역응급의료센터,인천광역시,서해구,11.0,11.0,0.0,여유,20260719141205,2026-07-19T14:22:34+09:00
A1400004,현대유비스병원,지역응급의료기관,인천광역시,미추홀구,15.0,18.0,16.666666666666664,여유,20260719141151,2026-07-19T14:22:34+09:00
A1400005,온누리병원,지역응급의료기관,인천광역시,검단구,4.0,9.0,55.55555555555556,주의,20260719141144,2026-07-19T14:22:34+09:00
A1400007,의료법인 성수의료재단 인천백병원,지역응급의료기관,인천광역시,제물포구,4.0,5.0,20.0,여유,20260719141255,2026-07-19T14:22:34+09:00
A1400008,(의)성세의료재단 뉴성민병원,지역응급의료기관,인천광역시,서해구,6.0,9.0,33.33333333333333,여유,20260719141434,2026-07-19T14:22:34+09:00
A1400009,인천기독병원,지역응급의료기관,인천광역시,제물포구,7.0,8.0,12.5,여유,20260719141229,2026-07-19T14:22:34+09:00
A1400010,검단탑병원,지역응급의료센터,인천광역시,검단구,10.0,18.0,44.44444444444444,여유,20260719141033,2026-07-19T14:22:34+09:00
A1400011,의료법인 나사렛의료재단 나사렛국제병원,지역응급의료센터,인천광역시,연수구,12.0,17.0,29.411764705882355,여유,20260719141119,2026-07-19T14:22:34+09:00
A1400012,가톨릭대학교 인천성모병원,지역응급의료센터,인천광역시,부평구,-2.0,19.0,,결측,20260719141509,2026-07-19T14:22:34+09:00
A1400013,안은의료재단 부평세림병원,지역응급의료센터,인천광역시,부평구,15.0,16.0,6.25,여유,20260719141529,2026-07-19T14:22:34+09:00
A1400014,의료법인인성의료재단한림병원,지역응급의료센터,인천광역시,계양구,10.0,17.0,41.17647058823529,여유,20260719141249,2026-07-19T14:22:34+09:00
A1400015,가톨릭관동대학교국제성모병원,지역응급의료센터,인천광역시,서해구,7.0,23.0,69.56521739130434,주의,20260719141414,2026-07-19T14:22:34+09:00
A1400016,인천사랑병원,지역응급의료센터,인천광역시,미추홀구,3.0,14.0,78.57142857142857,주의,20260719141458,2026-07-19T14:22:34+09:00
A1400017,인천광역시의료원,지역응급의료기관,인천광역시,제물포구,11.0,15.0,26.666666666666668,여유,20260719141501,2026-07-19T14:22:34+09:00
A1400018,인천적십자병원,지역응급의료기관,인천광역시,연수구,7.0,8.0,12.5,여유,20260719141348,2026-07-19T14:22:34+09:00
A1400032,근로복지공단인천병원,응급실운영신고기관,인천광역시,부평구,,,,결측,,
A1400037,인천광역시의료원백령병원,지역응급의료기관,인천광역시,옹진군,4.0,5.0,20.0,여유,20260719141501,2026-07-19T14:22:34+09:00
A1400045,국제바로병원,응급실운영신고기관,인천광역시,남동구,,,,결측,,
A1403121,인천더드림병원,응급실운영신고기관,인천광역시,계양구,,,,결측,,
A1403372,인천세종병원,지역응급의료센터,인천광역시,계양구,9.0,18.0,50.0,여유,20260719141509,2026-07-19T14:22:34+09:00
A1403617,비에스종합병원,지역응급의료기관,인천광역시,강화군,4.0,10.0,60.0,주의,20260719141459,2026-07-19T14:22:34+09:00
A1403699,(의)성세의료재단 영종국제병원,응급실운영신고기관,인천광역시,영종구,,,,결측,,
A1403871,인천힘찬종합병원,지역응급의료기관,인천광역시,남동구,14.0,17.0,17.647058823529413,여유,20260719141229,2026-07-19T14:22:34+09:00
A1404358,더나눔병원,응급실운영신고기관,인천광역시,미추홀구,,,,결측,,
A1500001,조선대학교병원,권역응급의료센터,전남광주통합특별시,동구,14.0,23.0,39.130434782608695,여유,20260719141533,2026-07-19T14:22:34+09:00
A1500002,전남대학교병원,권역응급의료센터,전남광주통합특별시,동구,1.0,26.0,96.15384615384616,포화,20260719141500,2026-07-19T14:22:34+09:00
A1500003,광주현대병원,지역응급의료기관,전남광주통합특별시,북구,6.0,9.0,33.33333333333333,여유,20260719141534,2026-07-19T14:22:34+09:00
A1500004,광주보훈병원,지역응급의료기관,전남광주통합특별시,광산구,10.0,14.0,28.57142857142857,여유,20260719141300,2026-07-19T14:22:34+09:00
A1500005,광주일곡병원,지역응급의료기관,전남광주통합특별시,북구,2.0,9.0,77.77777777777779,주의,20260719141420,2026-07-19T14:22:34+09:00
A1500006,신가병원,지역응급의료기관,전남광주통합특별시,광산구,5.0,9.0,44.44444444444444,여유,20260719141240,2026-07-19T14:22:34+09:00
A1500007,광주희망병원,지역응급의료기관,전남광주통합특별시,북구,4.0,9.0,55.55555555555556,주의,20260719141413,2026-07-19T14:22:34+09:00
A1500009,광주씨티병원,지역응급의료기관,전남광주통합특별시,남구,8.0,10.0,20.0,여유,20260719141244,2026-07-19T14:22:34+09:00
A1500010,운암한국병원,지역응급의료기관,전남광주통합특별시,북구,5.0,9.0,44.44444444444444,여유,20260719141503,2026-07-19T14:22:34+09:00
A1500011,첨단종합병원,지역응급의료센터,전남광주통합특별시,광산구,17.0,22.0,22.727272727272727,여유,20260719141512,2026-07-19T14:22:34+09:00
A1500013,동아병원,지역응급의료기관,전남광주통합특별시,남구,3.0,9.0,66.66666666666666,주의,20260719141527,2026-07-19T14:22:34+09:00
A1500014,미래로21병원,지역응급의료기관,전남광주통합특별시,서구,4.0,9.0,55.55555555555556,주의,20260719141129,2026-07-19T14:22:34+09:00
A1500015,광주병원,지역응급의료기관,전남광주통합특별시,북구,6.0,10.0,40.0,여유,20260719141001,2026-07-19T14:22:34+09:00
A1500016,광주한국병원,지역응급의료기관,전남광주통합특별시,서구,10.0,15.0,33.33333333333333,여유,20260719141136,2026-07-19T14:22:34+09:00
A1500017,하남성심병원,지역응급의료기관,전남광주통합특별시,광산구,6.0,19.0,68.42105263157895,주의,20260719141052,2026-07-19T14:22:34+09:00
A1500018,광주수완병원,지역응급의료기관,전남광주통합특별시,광산구,5.0,9.0,44.44444444444444,여유,20260719140816,2026-07-19T14:22:34+09:00
A1500019,KS병원,지역응급의료센터,전남광주통합특별시,광산구,10.0,15.0,33.33333333333333,여유,20260719141147,2026-07-19T14:22:34+09:00
A1500020,서광병원,지역응급의료센터,전남광주통합특별시,서구,14.0,18.0,22.22222222222222,여유,20260719141441,2026-07-19T14:22:34+09:00
A1500021,광주기독병원,지역응급의료센터,전남광주통합특별시,남구,-2.0,20.0,,결측,20260719141453,2026-07-19T14:22:34+09:00
A1500022,상무병원,지역응급의료기관,전남광주통합특별시,서구,4.0,9.0,55.55555555555556,주의,20260719141457,2026-07-19T14:22:34+09:00
A1500043,광주열린병원,응급실운영신고기관,전남광주통합특별시,광산구,,,,결측,,
A1500057,해피뷰병원,응급실운영신고기관,전남광주통합특별시,북구,,,,결측,,
A1500071,송정사랑병원,응급실운영신고기관,전남광주통합특별시,광산구,,,,결측,,
A1500078,빛고을전남대학교병원,응급실운영신고기관,전남광주통합특별시,남구,,,,결측,,
A1502006,선한병원,응급실운영신고기관,전남광주통합특별시,서구,,,,결측,,
A1502007,광주센트럴병원,지역응급의료기관,전남광주통합특별시,광산구,8.0,10.0,20.0,여유,20260719114725,2026-07-19T14:22:34+09:00
A1600001,충남대학교병원,권역응급의료센터,대전광역시,중구,-3.0,28.0,,결측,20260719141400,2026-07-19T14:22:34+09:00
A1600002,학교법인을지학원대전을지대학교병원,지역응급의료센터,대전광역시,서구,16.0,21.0,23.809523809523807,여유,20260719141500,2026-07-19T14:22:34+09:00
A1600003,대전한국병원,지역응급의료기관,대전광역시,동구,4.0,9.0,55.55555555555556,주의,20260719141502,2026-07-19T14:22:34+09:00
A1600004,대전보훈병원,지역응급의료기관,대전광역시,대덕구,5.0,7.0,28.57142857142857,여유,20260719141335,2026-07-19T14:22:34+09:00
A1600005,학교법인가톨릭학원가톨릭대학교대전성모병원,지역응급의료센터,대전광역시,중구,10.0,19.0,47.368421052631575,여유,20260719141509,2026-07-19T14:22:34+09:00
A1600006,학교법인건양교육재단건양대학교병원,권역응급의료센터,대전광역시,서구,10.0,24.0,58.333333333333336,주의,20260719141412,2026-07-19T14:22:34+09:00
A1600007,의료법인영훈의료재단유성선병원,지역응급의료센터,대전광역시,유성구,7.0,17.0,58.82352941176471,주의,20260719141045,2026-07-19T14:22:34+09:00
A1600008,의료법인영훈의료재단대전선병원,지역응급의료센터,대전광역시,중구,16.0,17.0,5.88235294117647,여유,20260719141240,2026-07-19T14:22:34+09:00
A1600009,근로복지공단대전병원,응급실운영신고기관,대전광역시,대덕구,,,,결측,,
A1600014,대전화병원,응급실운영신고기관,대전광역시,동구,,,,결측,,
A1602246,대청병원,지역응급의료기관,대전광역시,서구,6.0,9.0,33.33333333333333,여유,20260719141504,2026-07-19T14:22:34+09:00
A1700001,서울산보람병원,지역응급의료기관,울산광역시,울주군,7.0,10.0,30.0,여유,20260719141242,2026-07-19T14:22:34+09:00
A1700002,의료법인동강의료재단동강병원,지역응급의료센터,울산광역시,중구,15.0,24.0,37.5,여유,20260719141053,2026-07-19T14:22:34+09:00
A1700003,울산병원,지역응급의료센터,울산광역시,남구,15.0,19.0,21.052631578947366,여유,20260719141507,2026-07-19T14:22:34+09:00
A1700004,학교법인울산공업학원울산대학교병원,권역응급의료센터,울산광역시,동구,5.0,21.0,76.19047619047619,주의,20260719141144,2026-07-19T14:22:34+09:00
A1700007,울산엘리야병원,응급실운영신고기관,울산광역시,북구,,,,결측,,
A1700010,굿모닝병원,응급실운영신고기관,울산광역시,남구,,,,결측,,
A1700011,의료법인은성의료재단좋은삼정병원,지역응급의료기관,울산광역시,남구,4.0,9.0,55.55555555555556,주의,20260719141418,2026-07-19T14:22:34+09:00
A1700023,(의)내경의료재단울산제일병원,응급실운영신고기관,울산광역시,남구,,,,결측,,
A1700025,의료법인송은의료재단울산시티병원,지역응급의료센터,울산광역시,북구,14.0,17.0,17.647058823529413,여유,20260719141509,2026-07-19T14:22:34+09:00
A1700028,의료법인정안의료재단중앙병원,지역응급의료센터,울산광역시,남구,5.0,17.0,70.58823529411765,주의,20260719141510,2026-07-19T14:22:34+09:00
A1700036,의료법인에스엠씨의료재단울산세민병원,응급실운영신고기관,울산광역시,중구,,,,결측,,
A1701489,의료법인동강의료재단동천동강병원,응급실운영신고기관,울산광역시,중구,,,,결측,,
A1800417,의료법인 영제 의료재단 엔케이세종병원,지역응급의료기관,세종특별자치시,세종시,9.0,10.0,10.0,여유,20260719141414,2026-07-19T14:22:34+09:00
A1800441,세종충남대학교병원,지역응급의료센터,세종특별자치시,세종시,,,,결측,,
A2100001,분당서울대학교병원,권역응급의료센터,경기도,성남시,-12.0,30.0,,결측,20260719141400,2026-07-19T14:22:34+09:00
A2100002,아주대학교병원,권역응급의료센터,경기도,수원시,1.0,30.0,96.66666666666667,포화,20260719141504,2026-07-19T14:22:34+09:00
A2100003,고려대학교의과대학부속안산병원,권역응급의료센터,경기도,안산시,7.0,22.0,68.18181818181817,주의,20260719141222,2026-07-19T14:22:34+09:00
A2100004,한림대학교성심병원,권역응급의료센터,경기도,안양시,17.0,25.0,32.0,여유,20260719141044,2026-07-19T14:22:34+09:00
A2100005,순천향대학교부속부천병원,권역응급의료센터,경기도,부천시,6.0,17.0,64.70588235294117,주의,20260719141122,2026-07-19T14:22:34+09:00
A2100006,의료법인인봉의료재단뉴고려병원,지역응급의료센터,경기도,김포시,12.0,14.0,14.285714285714285,여유,20260719141519,2026-07-19T14:22:34+09:00
A2100007,광명성애병원,지역응급의료센터,경기도,광명시,-1.0,11.0,,결측,20260719141429,2026-07-19T14:22:34+09:00
A2100008,의료법인남촌의료재단시화병원,지역응급의료센터,경기도,시흥시,12.0,16.0,25.0,여유,20260719141137,2026-07-19T14:22:34+09:00
A2100009,의료법인녹산의료재단동수원병원,지역응급의료센터,경기도,수원시,11.0,17.0,35.294117647058826,여유,20260719141052,2026-07-19T14:22:34+09:00
A2100010,인산의료재단메트로병원,응급실운영신고기관,경기도,안양시,,,,결측,,
A2100011,성남중앙병원,응급실운영신고기관,경기도,성남시,,,,결측,,
A2100012,가톨릭대학교성빈센트병원,지역응급의료센터,경기도,수원시,7.0,28.0,75.0,주의,20260719141508,2026-07-19T14:22:34+09:00
A2100013,의료법인 록향의료재단 신천연합병원,지역응급의료기관,경기도,시흥시,5.0,10.0,50.0,여유,20260719141503,2026-07-19T14:22:34+09:00
A2100014,근로복지공단안산병원,지역응급의료기관,경기도,안산시,7.0,7.0,0.0,여유,20260719141400,2026-07-19T14:22:34+09:00
A2100015,효산의료재단안양샘병원,지역응급의료센터,경기도,안양시,10.0,17.0,41.17647058823529,여유,20260719141403,2026-07-19T14:22:34+09:00
A2100016,순천의료재단성남정병원,지역응급의료기관,경기도,성남시,6.0,9.0,33.33333333333333,여유,20260719141035,2026-07-19T14:22:34+09:00
A2100017,대아의료재단한도병원,지역응급의료센터,경기도,안산시,16.0,17.0,5.88235294117647,여유,20260719141231,2026-07-19T14:22:34+09:00
A2100018,의료법인은혜와감사의료재단화성중앙종합병원,지역응급의료기관,경기도,화성시,5.0,9.0,44.44444444444444,여유,20260719141248,2026-07-19T14:22:34+09:00
A2100019,(의)영문의료재단다보스병원,지역응급의료센터,경기도,용인시,6.0,13.0,53.84615384615385,주의,20260719141416,2026-07-19T14:22:34+09:00
A2100020,연세대학교의과대학용인세브란스병원,지역응급의료센터,경기도,용인시,9.0,16.0,43.75,여유,20260719141450,2026-07-19T14:22:34+09:00
A2100021,의료법인플러스의료재단단원병원,지역응급의료기관,경기도,안산시,12.0,17.0,29.411764705882355,여유,20260719141457,2026-07-19T14:22:34+09:00
A2100022,의료법인박애의료재단박애병원,지역응급의료기관,경기도,평택시,8.0,10.0,20.0,여유,20260719141539,2026-07-19T14:22:34+09:00
A2100024,오산한국병원,지역응급의료센터,경기도,오산시,10.0,17.0,41.17647058823529,여유,20260719141232,2026-07-19T14:22:34+09:00
A2100025,대진의료재단분당제생병원,지역응급의료센터,경기도,성남시,6.0,24.0,75.0,주의,20260719141500,2026-07-19T14:22:34+09:00
A2100027,의료법인석경의료재단센트럴병원,지역응급의료기관,경기도,시흥시,17.0,18.0,5.555555555555555,여유,20260719141345,2026-07-19T14:22:34+09:00
A2100028,의료법인백송의료재단굿모닝병원,지역응급의료센터,경기도,평택시,9.0,19.0,52.63157894736842,주의,20260719141408,2026-07-19T14:22:34+09:00
A2100029,강남병원,지역응급의료센터,경기도,용인시,10.0,17.0,41.17647058823529,여유,20260719141521,2026-07-19T14:22:34+09:00
A2100030,차의과학대학교분당차병원,권역응급의료센터,경기도,성남시,5.0,22.0,77.27272727272727,주의,20260719141502,2026-07-19T14:22:34+09:00
A2100031,경기도의료원포천병원,지역응급의료센터,경기도,포천시,14.0,17.0,17.647058823529413,여유,20260719141501,2026-07-19T14:22:34+09:00
A2100032,경기도의료원수원병원,지역응급의료기관,경기도,수원시,7.0,8.0,12.5,여유,20260719141502,2026-07-19T14:22:34+09:00
A2100033,국민건강보험공단일산병원,권역응급의료센터,경기도,고양시,6.0,23.0,73.91304347826086,주의,20260719141503,2026-07-19T14:22:34+09:00
A2100034,의료법인영동의료재단의정부백병원,지역응급의료기관,경기도,의정부시,10.0,10.0,0.0,여유,20260719141325,2026-07-19T14:22:34+09:00
A2100035,경기도의료원파주병원,지역응급의료센터,경기도,파주시,12.0,17.0,29.411764705882355,여유,20260719141502,2026-07-19T14:22:34+09:00
A2100036,의료법인 일심의료재단 포천우리병원,지역응급의료기관,경기도,포천시,17.0,18.0,5.555555555555555,여유,20260719141519,2026-07-19T14:22:34+09:00
A2100037,현대병원,지역응급의료센터,경기도,남양주시,5.0,17.0,70.58823529411765,주의,20260719141931,2026-07-19T14:22:34+09:00
A2100038,인제대학교일산백병원,지역응급의료센터,경기도,고양시,19.0,34.0,44.11764705882353,여유,20260719141426,2026-07-19T14:22:34+09:00
A2100039,한양대학교구리병원,지역응급의료센터,경기도,구리시,9.0,18.0,50.0,여유,20260719141259,2026-07-19T14:22:34+09:00
A2100040,가톨릭대학교의정부성모병원,권역응급의료센터,경기도,의정부시,13.0,42.0,69.04761904761905,주의,20260719141509,2026-07-19T14:22:34+09:00
A2100041,남양주한양병원,지역응급의료센터,경기도,남양주시,12.0,17.0,29.411764705882355,여유,20260719142013,2026-07-19T14:22:34+09:00
A2100042,의료법인명지의료재단명지병원,권역응급의료센터,경기도,고양시,11.0,15.0,26.666666666666668,여유,20260719141500,2026-07-19T14:22:34+09:00
A2100043,경기도의료원의정부병원,지역응급의료기관,경기도,의정부시,9.0,10.0,10.0,여유,20260719141501,2026-07-19T14:22:34+09:00
A2100045,경기도의료원안성병원,지역응급의료기관,경기도,안성시,13.0,14.0,7.142857142857142,여유,20260719141502,2026-07-19T14:22:34+09:00
A2100046,한림대학교동탄성심병원,지역응급의료센터,경기도,화성시,17.0,32.0,46.875,여유,20260719141417,2026-07-19T14:22:34+09:00
A2100047,동국대학교일산불교병원,지역응급의료센터,경기도,고양시,7.0,19.0,63.1578947368421,주의,20260719141509,2026-07-19T14:22:34+09:00
A2100048,원광대학교산본병원,지역응급의료센터,경기도,군포시,13.0,17.0,23.52941176470588,여유,20260719141237,2026-07-19T14:22:34+09:00
A2100049,국립암센터,지역응급의료기관,경기도,고양시,0.0,24.0,100.0,포화,20260719141200,2026-07-19T14:22:34+09:00
A2100050,의료법인대인의료재단다니엘종합병원,지역응급의료기관,경기도,부천시,4.0,6.0,33.33333333333333,여유,20260719141502,2026-07-19T14:22:34+09:00
A2100052,가톨릭대학교부천성모병원,지역응급의료센터,경기도,부천시,11.0,31.0,64.51612903225806,주의,20260719141508,2026-07-19T14:22:34+09:00
A2100053,의료법인우리의료재단김포우리병원,지역응급의료센터,경기도,김포시,10.0,22.0,54.54545454545454,주의,20260719141408,2026-07-19T14:22:34+09:00
A2100054,효산의료재단지샘병원,지역응급의료센터,경기도,군포시,8.0,18.0,55.55555555555556,주의,20260719141343,2026-07-19T14:22:34+09:00
A2100055,부천세종병원,지역응급의료센터,경기도,부천시,10.0,17.0,41.17647058823529,여유,20260719141510,2026-07-19T14:22:34+09:00
A2100058,부천우리병원,응급실운영신고기관,경기도,부천시,,,,결측,,
A2100083,무척조은병원,응급실운영신고기관,경기도,파주시,,,,결측,,
A2100089,양평병원,지역응급의료기관,경기도,양평군,7.0,9.0,22.22222222222222,여유,20260718095001,2026-07-19T14:22:34+09:00
A2100116,윤서병원,응급실운영신고기관,경기도,구리시,,,,결측,,
A2100122,(의)효심의료재단용인서울병원,지역응급의료기관,경기도,용인시,10.0,10.0,0.0,여유,20260719141419,2026-07-19T14:22:34+09:00
A2100124,의료법인칠석의료재단사랑의병원,지역응급의료기관,경기도,안산시,2.0,13.0,84.61538461538461,포화,20260719141113,2026-07-19T14:22:34+09:00
A2100130,문산중앙병원,응급실운영신고기관,경기도,파주시,,,,결측,,
A2100131,메디인병원,지역응급의료기관,경기도,파주시,3.0,12.0,75.0,주의,20260719141540,2026-07-19T14:22:34+09:00
A2100134,양주예쓰병원,응급실운영신고기관,경기도,양주시,,,,결측,,
A2100135,동두천중앙성모병원,응급실운영신고기관,경기도,동두천시,,,,결측,,
A2100150,추병원,지역응급의료기관,경기도,의정부시,11.0,12.0,8.333333333333332,여유,20260719141131,2026-07-19T14:22:34+09:00
A2100155,참조은병원,지역응급의료센터,경기도,광주시,4.0,9.0,55.55555555555556,주의,20260719141843,2026-07-19T14:22:34+09:00
A2100162,동안산병원,응급실운영신고기관,경기도,안산시,,,,결측,,
A2100173,연세새로운병원,응급실운영신고기관,경기도,여주시,,,,결측,,
A2100175,의료법인토마스의료재단윌스기념병원,지역응급의료기관,경기도,수원시,12.0,18.0,33.33333333333333,여유,20260719141520,2026-07-19T14:22:34+09:00
A2100180,바른병원,응급실운영신고기관,경기도,이천시,,,,결측,,
A2100193,경기도의료원이천병원,지역응급의료센터,경기도,이천시,11.0,17.0,35.294117647058826,여유,20260719142001,2026-07-19T14:22:34+09:00
A2100194,세종여주병원,지역응급의료기관,경기도,여주시,-7.0,6.0,,결측,20260719142027,2026-07-19T14:22:34+09:00
A2100206,수원중앙병원,응급실운영신고기관,경기도,수원시,,,,결측,,
A2100208,원병원,응급실운영신고기관,경기도,남양주시,,,,결측,,
A2100255,성심중앙병원,응급실운영신고기관,경기도,평택시,,,,결측,,
A2100258,국군수도병원,지역응급의료기관,경기도,성남시,15.0,16.0,6.25,여유,20260719141513,2026-07-19T14:22:34+09:00
A2100282,에이치제이매그놀리아국제병원,응급실운영신고기관,경기도,가평군,,,,결측,,
A2100283,의료법인일산복음병원,응급실운영신고기관,경기도,고양시,,,,결측,,
A2100290,의료법인자인의료재단(더자인병원),지역응급의료기관,경기도,고양시,11.0,16.0,31.25,여유,20260719141531,2026-07-19T14:22:34+09:00
A2100301,의료법인청파의료재단송탄중앙병원,응급실운영신고기관,경기도,평택시,,,,결측,,
A2100305,안성성모병원,지역응급의료기관,경기도,안성시,4.0,9.0,55.55555555555556,주의,20260719141335,2026-07-19T14:22:34+09:00
A2100309,의료법인갈렌의료재단박병원,지역응급의료기관,경기도,평택시,6.0,10.0,40.0,여유,20260719141504,2026-07-19T14:22:34+09:00
A2106200,바른마디병원,응급실운영신고기관,경기도,성남시,,,,결측,,
A2113246,의료법인양진의료재단평택성모병원,지역응급의료센터,경기도,평택시,7.0,17.0,58.82352941176471,주의,20260719141509,2026-07-19T14:22:34+09:00
A2114449,조은오산병원,응급실운영신고기관,경기도,오산시,,,,결측,,
A2115699,의료법인원광의료재단원광종합병원,지역응급의료기관,경기도,화성시,8.0,9.0,11.11111111111111,여유,20260719140728,2026-07-19T14:22:34+09:00
A2115807,성모윌병원,응급실운영신고기관,경기도,성남시,,,,결측,,
A2116685,화성유일병원,응급실운영신고기관,경기도,화성시,,,,결측,,
A2116806,성남시의료원,지역응급의료센터,경기도,성남시,13.0,17.0,23.52941176470588,여유,20260719141500,2026-07-19T14:22:34+09:00
A2116972,의료법인성광의료재단일산차병원,지역응급의료기관,경기도,고양시,6.0,6.0,0.0,여유,20260719141137,2026-07-19T14:22:34+09:00
A2117135,의료법인명인의료재단화홍병원,지역응급의료센터,경기도,수원시,6.0,15.0,60.0,주의,20260719141012,2026-07-19T14:22:34+09:00
A2117994,학교법인을지학원의정부을지대학교병원,지역응급의료센터,경기도,의정부시,15.0,30.0,50.0,여유,20260719141101,2026-07-19T14:22:34+09:00
A2118188,엘병원,지역응급의료기관,경기도,남양주시,5.0,8.0,37.5,여유,20260719141838,2026-07-19T14:22:34+09:00
A2118788,중앙대학교광명병원,지역응급의료센터,경기도,광명시,12.0,21.0,42.857142857142854,여유,20260719141507,2026-07-19T14:22:34+09:00
A2119276,매듭병원,응급실운영신고기관,경기도,수원시,,,,결측,,
A2119939,클래스병원,응급실운영신고기관,경기도,안산시,,,,결측,,
A2120077,혜성병원,응급실운영신고기관,경기도,남양주시,,,,결측,,
A2121061,의료법인덕산의료재단수원덕산병원,지역응급의료기관,경기도,수원시,23.0,24.0,4.166666666666666,여유,20260719141503,2026-07-19T14:22:34+09:00
A2121142,메디필드한강병원,지역응급의료기관,경기도,용인시,16.0,17.0,5.88235294117647,여유,20260719141135,2026-07-19T14:22:34+09:00
A2200001,연세대학교원주세브란스기독병원,권역응급의료센터,강원특별자치도,원주시,17.0,29.0,41.37931034482759,여유,20260719141502,2026-07-19T14:22:34+09:00
A2200002,강원특별자치도영월의료원,지역응급의료기관,강원특별자치도,영월군,4.0,9.0,55.55555555555556,주의,20260719142002,2026-07-19T14:22:34+09:00
A2200003,의료법인동해동인병원,지역응급의료기관,강원특별자치도,동해시,7.0,10.0,30.0,여유,20260719141932,2026-07-19T14:22:34+09:00
A2200004,근로복지공단태백병원,지역응급의료기관,강원특별자치도,태백시,5.0,9.0,44.44444444444444,여유,20260719141900,2026-07-19T14:22:34+09:00
A2200005,의료법인강릉동인병원,지역응급의료센터,강원특별자치도,강릉시,9.0,17.0,47.05882352941176,여유,20260719141955,2026-07-19T14:22:34+09:00
A2200007,강원특별자치도삼척의료원,지역응급의료센터,강원특별자치도,삼척시,12.0,16.0,25.0,여유,20260719141501,2026-07-19T14:22:34+09:00
A2200008,강릉아산병원,권역응급의료센터,강원특별자치도,강릉시,0.0,23.0,100.0,포화,20260719141915,2026-07-19T14:22:34+09:00
A2200009,강원대학교병원,지역응급의료센터,강원특별자치도,춘천시,6.0,21.0,71.42857142857143,주의,20260719142000,2026-07-19T14:22:34+09:00
A2200010,의산의료재단강릉고려병원,응급실운영신고기관,강원특별자치도,강릉시,,,,결측,,
A2200011,강원특별자치도강릉의료원,지역응급의료기관,강원특별자치도,강릉시,-2.0,5.0,,결측,20260719142001,2026-07-19T14:22:34+09:00
A2200012,강원특별자치도속초의료원,지역응급의료센터,강원특별자치도,속초시,13.0,17.0,23.52941176470588,여유,20260719142001,2026-07-19T14:22:34+09:00
A2200013,한림대학교춘천성심병원,권역응급의료센터,강원특별자치도,춘천시,11.0,22.0,50.0,여유,20260719141730,2026-07-19T14:22:34+09:00
A2200014,홍천아산병원,지역응급의료기관,강원특별자치도,홍천군,3.0,10.0,70.0,주의,20260719141501,2026-07-19T14:22:34+09:00
A2200015,강원특별자치도원주의료원,지역응급의료기관,강원특별자치도,원주시,11.0,17.0,35.294117647058826,여유,20260719142002,2026-07-19T14:22:34+09:00
A2200016,횡성대성병원,지역응급의료기관,강원특별자치도,횡성군,6.0,9.0,33.33333333333333,여유,20260719142027,2026-07-19T14:22:34+09:00
A2200024,의료법인성지의료재단성지병원,지역응급의료기관,강원특별자치도,원주시,1.0,7.0,85.71428571428571,포화,20260719141937,2026-07-19T14:22:34+09:00
A2200033,인성병원,응급실운영신고기관,강원특별자치도,춘천시,,,,결측,,
A2200037,의료법인성심의료재단양구성심병원,지역응급의료기관,강원특별자치도,양구군,5.0,5.0,0.0,여유,20260719141953,2026-07-19T14:22:34+09:00
A2200038,근로복지공단동해병원,응급실운영신고기관,강원특별자치도,동해시,,,,결측,,
A2200046,의료법인온세움의료재단온재병원,지역응급의료기관,강원특별자치도,속초시,0.0,9.0,100.0,포화,20260719141952,2026-07-19T14:22:34+09:00
A2200048,근로복지공단정선병원,지역응급의료기관,강원특별자치도,정선군,4.0,5.0,20.0,여유,20260719141700,2026-07-19T14:22:34+09:00
A2201730,철원병원,지역응급의료기관,강원특별자치도,철원군,0.0,5.0,100.0,포화,20260719142002,2026-07-19T14:22:34+09:00
A2300001,충북대학교병원,권역응급의료센터,충청북도,청주시,12.0,30.0,60.0,주의,20260719142000,2026-07-19T14:22:34+09:00
A2300002,의료법인한마음의료재단하나병원,지역응급의료센터,충청북도,청주시,4.0,11.0,63.63636363636363,주의,20260719141825,2026-07-19T14:22:34+09:00
A2300003,의료법인정산의료재단효성병원,지역응급의료센터,충청북도,청주시,13.0,18.0,27.77777777777778,여유,20260719141747,2026-07-19T14:22:34+09:00
A2300004,충청북도충주의료원,지역응급의료기관,충청북도,충주시,17.0,18.0,5.555555555555555,여유,20260719142003,2026-07-19T14:22:34+09:00
A2300005,의료법인자산의료재단제천서울병원,지역응급의료센터,충청북도,제천시,6.0,15.0,60.0,주의,20260719141646,2026-07-19T14:22:34+09:00
A2300006,충청북도청주의료원,지역응급의료기관,충청북도,청주시,9.0,12.0,25.0,여유,20260719142001,2026-07-19T14:22:34+09:00
A2300007,의료법인인화재단한국병원,지역응급의료센터,충청북도,청주시,9.0,14.0,35.714285714285715,여유,20260719141806,2026-07-19T14:22:34+09:00
A2300008,청주성모병원,지역응급의료센터,충청북도,청주시,3.0,15.0,80.0,주의,20260719142009,2026-07-19T14:22:34+09:00
A2300009,의료법인명지의료재단명지병원,지역응급의료센터,충청북도,제천시,9.0,18.0,50.0,여유,20260719141913,2026-07-19T14:22:34+09:00
A2300010,건국대학교충주병원,지역응급의료센터,충청북도,충주시,15.0,20.0,25.0,여유,20260719142001,2026-07-19T14:22:34+09:00
A2300011,의료법인힐링의료재단옥천성모병원,지역응급의료기관,충청북도,옥천군,7.0,7.0,0.0,여유,20260719141745,2026-07-19T14:22:34+09:00
A2300013,의료법인 건명의료재단 중앙제일병원,지역응급의료센터,충청북도,진천군,10.0,17.0,41.17647058823529,여유,20260719141600,2026-07-19T14:22:34+09:00
A2300015,의료법인태성의료재단제일조은병원,응급실운영신고기관,충청북도,음성군,,,,결측,,
A2300017,의료법인정민의료재단보은한양병원,응급실운영신고기관,충청북도,보은군,,,,결측,,
A2300021,오창중앙병원,응급실운영신고기관,충청북도,청주시,,,,결측,,
A2300030,의료법인조윤의료재단영동병원,지역응급의료기관,충청북도,영동군,7.0,10.0,30.0,여유,20260719142005,2026-07-19T14:22:34+09:00
A2300034,의료법인대광의료재단괴산성모병원,지역응급의료기관,충청북도,괴산군,8.0,9.0,11.11111111111111,여유,20260719142022,2026-07-19T14:22:34+09:00
A2300039,의료법인송암의료재단마이크로병원,응급실운영신고기관,충청북도,청주시,,,,결측,,
A2302011,재단법인베스티안재단베스티안병원,응급실운영신고기관,충청북도,청주시,,,,결측,,
A2302306,충주미래병원,응급실운영신고기관,충청북도,충주시,,,,결측,,
A2400001,학교법인동은학원순천향대학교부속천안병원,권역응급의료센터,충청남도,천안시,11.0,22.0,50.0,여유,20260719141622,2026-07-19T14:22:34+09:00
A2400002,단국대학교의과대학부속병원,권역응급의료센터,충청남도,천안시,9.0,25.0,64.0,주의,20260719142000,2026-07-19T14:22:34+09:00
A2400003,서산중앙병원,지역응급의료센터,충청남도,서산시,8.0,17.0,52.94117647058824,주의,20260719141509,2026-07-19T14:22:34+09:00
A2400004,의료법인예당의료재단예산종합병원,지역응급의료기관,충청남도,예산군,4.0,6.0,33.33333333333333,여유,20260719141935,2026-07-19T14:22:34+09:00
A2400005,충청남도천안의료원,지역응급의료기관,충청남도,천안시,9.0,12.0,25.0,여유,20260719142002,2026-07-19T14:22:34+09:00
A2400006,충청남도서산의료원,지역응급의료센터,충청남도,서산시,6.0,17.0,64.70588235294117,주의,20260719141601,2026-07-19T14:22:34+09:00
A2400007,충청남도홍성의료원,지역응급의료센터,충청남도,홍성군,11.0,18.0,38.88888888888889,여유,20260719141801,2026-07-19T14:22:34+09:00
A2400008,당진종합병원,지역응급의료센터,충청남도,당진시,5.0,17.0,70.58823529411765,주의,20260719141938,2026-07-19T14:22:34+09:00
A2400009,의료법인백제병원,지역응급의료센터,충청남도,논산시,12.0,20.0,40.0,여유,20260719141827,2026-07-19T14:22:34+09:00
A2400010,충청남도공주의료원,지역응급의료기관,충청남도,공주시,10.0,15.0,33.33333333333333,여유,20260719141801,2026-07-19T14:22:34+09:00
A2400011,재단법인아산사회복지재단보령아산병원,지역응급의료센터,충청남도,보령시,9.0,17.0,47.05882352941176,여유,20260719141500,2026-07-19T14:22:34+09:00
A2400012,의료법인영서의료재단천안충무병원,지역응급의료센터,충청남도,천안시,6.0,16.0,62.5,주의,20260719141607,2026-07-19T14:22:34+09:00
A2400015,예산명지병원,응급실운영신고기관,충청남도,예산군,,,,결측,,
A2400019,새금산병원,응급실운영신고기관,충청남도,금산군,,,,결측,,
A2400038,학교법인건양교육재단건양대학교부여병원,지역응급의료기관,충청남도,부여군,7.0,9.0,22.22222222222222,여유,20260719141854,2026-07-19T14:22:34+09:00
A2400039,현대병원,지역응급의료기관,충청남도,아산시,7.0,10.0,30.0,여유,20260719142001,2026-07-19T14:22:34+09:00
A2400044,의료법인 서해병원,지역응급의료기관,충청남도,서천군,4.0,5.0,20.0,여유,20260719141749,2026-07-19T14:22:34+09:00
A2402257,아산충무병원,지역응급의료센터,충청남도,아산시,9.0,13.0,30.76923076923077,여유,20260719141617,2026-07-19T14:22:34+09:00
A2402812,나은필병원,응급실운영신고기관,충청남도,천안시,,,,결측,,
A2500001,원광대학교병원,권역응급의료센터,전북특별자치도,익산시,10.0,26.0,61.53846153846154,주의,20260719142016,2026-07-19T14:22:34+09:00
A2500002,전북대학교병원,권역응급의료센터,전북특별자치도,전주시,17.0,36.0,52.77777777777778,주의,20260719141653,2026-07-19T14:22:34+09:00
A2500003,전주고려병원,응급실운영신고기관,전북특별자치도,전주시,,,,결측,,
A2500004,전북특별자치도남원의료원,지역응급의료센터,전북특별자치도,남원시,12.0,17.0,29.411764705882355,여유,20260719142002,2026-07-19T14:22:34+09:00
A2500005,의료법인영경의료재단전주병원,지역응급의료센터,전북특별자치도,전주시,2.0,17.0,88.23529411764706,포화,20260719141657,2026-07-19T14:22:34+09:00
A2500006,재단법인예수병원유지재단예수병원,지역응급의료센터,전북특별자치도,전주시,16.0,38.0,57.89473684210527,주의,20260719141600,2026-07-19T14:22:34+09:00
A2500007,전북특별자치도군산의료원,지역응급의료센터,전북특별자치도,군산시,8.0,17.0,52.94117647058824,주의,20260719141702,2026-07-19T14:22:34+09:00
A2500008,재단법인 아산사회복지재단 정읍아산병원,지역응급의료센터,전북특별자치도,정읍시,13.0,17.0,23.52941176470588,여유,20260719142001,2026-07-19T14:22:34+09:00
A2500009,의료법인석천재단고창병원,지역응급의료기관,전북특별자치도,고창군,6.0,10.0,40.0,여유,20260719141750,2026-07-19T14:22:34+09:00
A2500010,부안성모병원,지역응급의료기관,전북특별자치도,부안군,5.0,10.0,50.0,여유,20260719141056,2026-07-19T14:22:34+09:00
A2500011,의료법인대산의료재단익산병원,지역응급의료센터,전북특별자치도,익산시,12.0,17.0,29.411764705882355,여유,20260719142001,2026-07-19T14:22:34+09:00
A2500012,의료법인오성의료재단동군산병원,지역응급의료센터,전북특별자치도,군산시,3.0,17.0,82.35294117647058,포화,20260719141847,2026-07-19T14:22:34+09:00
A2500038,김제우석병원,지역응급의료기관,전북특별자치도,김제시,8.0,10.0,20.0,여유,20260719141935,2026-07-19T14:22:34+09:00
A2500056,대자인병원,지역응급의료센터,전북특별자치도,전주시,7.0,33.0,78.78787878787878,주의,20260719141807,2026-07-19T14:22:34+09:00
A2501890,의료법인영경의료재단호성전주병원,지역응급의료기관,전북특별자치도,전주시,0.0,9.0,100.0,포화,20260719141953,2026-07-19T14:22:34+09:00
A2502031,진안군의료원,지역응급의료기관,전북특별자치도,진안군,5.0,6.0,16.666666666666664,여유,20260719142002,2026-07-19T14:22:34+09:00
A2502742,새강병원,지역응급의료기관,전북특별자치도,전주시,10.0,14.0,28.57142857142857,여유,20260719141940,2026-07-19T14:22:34+09:00
A2600001,화순전남대학교병원,지역응급의료센터,전남광주통합특별시,화순군,10.0,16.0,37.5,여유,20260719142000,2026-07-19T14:22:34+09:00
A2600003,대송의료재단무안병원,지역응급의료기관,전남광주통합특별시,무안군,-1.0,4.0,,결측,20260719141700,2026-07-19T14:22:34+09:00
A2600004,순천중앙병원,지역응급의료기관,전남광주통합특별시,순천시,4.0,5.0,20.0,여유,20260719142019,2026-07-19T14:22:34+09:00
A2600005,의료법인한국의료재단한국병원,지역응급의료기관,전남광주통합특별시,순천시,7.0,11.0,36.36363636363637,여유,20260719141942,2026-07-19T14:22:34+09:00
A2600006,광양사랑병원,지역응급의료기관,전남광주통합특별시,광양시,6.0,9.0,33.33333333333333,여유,20260719141707,2026-07-19T14:22:34+09:00
A2600007,의료법인해민의료재단 세안종합병원,응급실운영신고기관,전남광주통합특별시,목포시,,,,결측,,
A2600008,순천제일병원,지역응급의료기관,전남광주통합특별시,순천시,8.0,9.0,11.11111111111111,여유,20260719141733,2026-07-19T14:22:34+09:00
A2600009,의료법인행촌의료재단해남종합병원,지역응급의료기관,전남광주통합특별시,해남군,8.0,10.0,20.0,여유,20260719142010,2026-07-19T14:22:34+09:00
A2600010,여수전남병원,지역응급의료기관,전남광주통합특별시,여수시,9.0,10.0,10.0,여유,20260719141932,2026-07-19T14:22:34+09:00
A2600011,목포한국병원,권역응급의료센터,전남광주통합특별시,목포시,7.0,16.0,56.25,주의,20260719141838,2026-07-19T14:22:34+09:00
A2600012,근로복지공단순천병원,응급실운영신고기관,전남광주통합특별시,순천시,,,,결측,,
A2600014,여천전남병원,지역응급의료센터,전남광주통합특별시,여수시,14.0,17.0,17.647058823529413,여유,20260719141909,2026-07-19T14:22:34+09:00
A2600015,영광종합병원,지역응급의료기관,전남광주통합특별시,영광군,5.0,10.0,50.0,여유,20260719141909,2026-07-19T14:22:34+09:00
A2600016,나주종합병원,지역응급의료기관,전남광주통합특별시,나주시,5.0,10.0,50.0,여유,20260719141849,2026-07-19T14:22:34+09:00
A2600017,의료법인목포구암의료재단목포중앙병원,지역응급의료센터,전남광주통합특별시,목포시,6.0,16.0,62.5,주의,20260719141803,2026-07-19T14:22:34+09:00
A2600018,의료법인영성의료재단고흥종합병원,지역응급의료기관,전남광주통합특별시,고흥군,10.0,10.0,0.0,여유,20260719141713,2026-07-19T14:22:34+09:00
A2600019,성가롤로병원,권역응급의료센터,전남광주통합특별시,순천시,2.0,18.0,88.88888888888889,포화,20260719142023,2026-07-19T14:22:34+09:00
A2600020,목포기독병원,지역응급의료기관,전남광주통합특별시,목포시,11.0,17.0,35.294117647058826,여유,20260719141950,2026-07-19T14:22:34+09:00
A2600021,의료법인우범의료재단장흥종합병원,지역응급의료기관,전남광주통합특별시,장흥군,8.0,9.0,11.11111111111111,여유,20260719142022,2026-07-19T14:22:34+09:00
A2600022,목포시의료원,지역응급의료기관,전남광주통합특별시,목포시,8.0,9.0,11.11111111111111,여유,20260719142002,2026-07-19T14:22:34+09:00
A2600024,의료법인현경의료재단광양서울병원,지역응급의료기관,전남광주통합특별시,광양시,7.0,9.0,22.22222222222222,여유,20260719142029,2026-07-19T14:22:34+09:00
A2600027,의료법인한마음의료재단여수제일병원,지역응급의료기관,전남광주통합특별시,여수시,5.0,9.0,44.44444444444444,여유,20260719142009,2026-07-19T14:22:34+09:00
A2600029,곡성사랑병원,지역응급의료기관,전남광주통합특별시,곡성군,3.0,5.0,40.0,여유,20260719141922,2026-07-19T14:22:34+09:00
A2600032,완도대성병원,지역응급의료기관,전남광주통합특별시,완도군,3.0,5.0,40.0,여유,20260719142007,2026-07-19T14:22:34+09:00
A2600034,의료법인 거명의료재단 영광기독병원,지역응급의료기관,전남광주통합특별시,영광군,8.0,10.0,20.0,여유,20260719141849,2026-07-19T14:22:34+09:00
A2600035,의료법인행복나눔의료재단장성병원,지역응급의료기관,전남광주통합특별시,장성군,-2.0,4.0,,결측,20260719141908,2026-07-19T14:22:34+09:00
A2600037,장흥우리병원,지역응급의료기관,전남광주통합특별시,장흥군,4.0,4.0,0.0,여유,20260718221330,2026-07-19T14:22:34+09:00
A2600040,진도한국병원,지역응급의료기관,전남광주통합특별시,진도군,1.0,4.0,75.0,주의,20260719141807,2026-07-19T14:22:34+09:00
A2600043,화순성심병원,응급실운영신고기관,전남광주통합특별시,화순군,,,,결측,,
A2600048,화순고려병원,응급실운영신고기관,전남광주통합특별시,화순군,,,,결측,,
A2600050,전라남도강진의료원,지역응급의료기관,전남광주통합특별시,강진군,7.0,9.0,22.22222222222222,여유,20260719141501,2026-07-19T14:22:34+09:00
A2600051,의료법인신안대우병원,지역응급의료기관,전남광주통합특별시,신안군,4.0,4.0,0.0,여유,20260719141951,2026-07-19T14:22:34+09:00
A2600052,보성아산병원,지역응급의료기관,전남광주통합특별시,보성군,6.0,8.0,25.0,여유,20260719141500,2026-07-19T14:22:34+09:00
A2600054,담양사랑병원,지역응급의료기관,전남광주통합특별시,담양군,4.0,6.0,33.33333333333333,여유,20260719141732,2026-07-19T14:22:34+09:00
A2600056,전라남도순천의료원,지역응급의료기관,전남광주통합특별시,순천시,4.0,6.0,33.33333333333333,여유,20260719142002,2026-07-19T14:22:34+09:00
A2600061,구례병원,지역응급의료기관,전남광주통합특별시,구례군,10.0,10.0,0.0,여유,20260719141920,2026-07-19T14:22:34+09:00
A2600066,의료법인삼호의료재단벌교삼호병원,지역응급의료기관,전남광주통합특별시,보성군,6.0,6.0,0.0,여유,20260719141855,2026-07-19T14:22:34+09:00
A2600068,의료법인장호의료재단녹동현대병원,지역응급의료기관,전남광주통합특별시,고흥군,0.0,3.0,100.0,포화,20260719140932,2026-07-19T14:22:34+09:00
A2600070,영암한국병원,지역응급의료기관,전남광주통합특별시,영암군,8.0,8.0,0.0,여유,20260719141849,2026-07-19T14:22:34+09:00
A2600077,해남우리종합병원,지역응급의료기관,전남광주통합특별시,해남군,9.0,15.0,40.0,여유,20260719141813,2026-07-19T14:22:34+09:00
A2600090,의료법인인성의료재단함평성심병원,응급실운영신고기관,전남광주통합특별시,함평군,,,,결측,,
A2600667,금일마취통증의학과의원,응급실운영신고기관,전남광주통합특별시,완도군,,,,결측,,
A2601742,여수한국병원,응급실운영신고기관,전남광주통합특별시,여수시,,,,결측,,
A2602088,의료법인남우의료재단 진도전남병원,지역응급의료기관,전남광주통합특별시,진도군,,,,결측,,
A2602211,빛가람종합병원,지역응급의료기관,전남광주통합특별시,나주시,4.0,9.0,55.55555555555556,주의,20260719141751,2026-07-19T14:22:34+09:00
A2700001,경상북도안동의료원,지역응급의료기관,경상북도,안동시,6.0,6.0,0.0,여유,20260719142002,2026-07-19T14:22:34+09:00
A2700002,포항세명기독병원,지역응급의료센터,경상북도,포항시,6.0,15.0,60.0,주의,20260719141650,2026-07-19T14:22:34+09:00
A2700003,동국대학교의과대학경주병원,지역응급의료센터,경상북도,경주시,7.0,16.0,56.25,주의,20260719142005,2026-07-19T14:22:34+09:00
A2700004,안동성소병원,지역응급의료센터,경상북도,안동시,8.0,12.0,33.33333333333333,여유,20260719142016,2026-07-19T14:22:34+09:00
A2700005,경상북도포항의료원,지역응급의료기관,경상북도,포항시,6.0,8.0,25.0,여유,20260719142002,2026-07-19T14:22:34+09:00
A2700006,의료법인동춘의료재단문경제일병원,지역응급의료센터,경상북도,문경시,11.0,17.0,35.294117647058826,여유,20260719142000,2026-07-19T14:22:34+09:00
A2700007,차의과학대학교부속구미차병원,권역응급의료센터,경상북도,구미시,3.0,20.0,85.0,포화,20260719142005,2026-07-19T14:22:34+09:00
A2700008,에스포항병원,지역응급의료기관,경상북도,포항시,4.0,6.0,33.33333333333333,여유,20260719142026,2026-07-19T14:22:34+09:00
A2700009,의료법인삼백의료재단상주성모병원,지역응급의료기관,경상북도,상주시,6.0,9.0,33.33333333333333,여유,20260719142002,2026-07-19T14:22:34+09:00
A2700011,상주적십자병원,지역응급의료기관,경상북도,상주시,7.0,9.0,22.22222222222222,여유,20260719141700,2026-07-19T14:22:34+09:00
A2700012,의료법인덕산의료재단김천제일병원,지역응급의료센터,경상북도,김천시,15.0,16.0,6.25,여유,20260719141540,2026-07-19T14:22:34+09:00
A2700013,순천향대학교부속구미병원,지역응급의료센터,경상북도,구미시,7.0,13.0,46.15384615384615,여유,20260719141621,2026-07-19T14:22:34+09:00
A2700014,의료법인안동병원,권역응급의료센터,경상북도,안동시,6.0,15.0,60.0,주의,20260719142000,2026-07-19T14:22:34+09:00
A2700015,구미강동병원,지역응급의료기관,경상북도,구미시,5.0,7.0,28.57142857142857,여유,20260719142007,2026-07-19T14:22:34+09:00
A2700016,포항성모병원,권역응급의료센터,경상북도,포항시,7.0,20.0,65.0,주의,20260719141817,2026-07-19T14:22:34+09:00
A2700017,영남대학교의과대학부속영천병원,지역응급의료기관,경상북도,영천시,8.0,10.0,20.0,여유,20260719141806,2026-07-19T14:22:34+09:00
A2700018,경상북도김천의료원,지역응급의료기관,경상북도,김천시,2.0,17.0,88.23529411764706,포화,20260719142002,2026-07-19T14:22:34+09:00
A2700019,의)근원의료재단경산중앙병원,지역응급의료기관,경상북도,경산시,6.0,10.0,40.0,여유,20260719142002,2026-07-19T14:22:34+09:00
A2700020,영주자인병원,지역응급의료기관,경상북도,영주시,3.0,4.0,25.0,여유,20260719142030,2026-07-19T14:22:34+09:00
A2700023,의료법인서준의료재단예천권병원,지역응급의료기관,경상북도,예천군,6.0,6.0,0.0,여유,20260719141518,2026-07-19T14:22:34+09:00
A2700026,의료법인명성의료재단영양병원,응급실운영신고기관,경상북도,영양군,,,,결측,,
A2700030,의료법인석촌의료재단성주병원,응급실운영신고기관,경상북도,성주군,,,,결측,,
A2700031,영주기독병원,지역응급의료기관,경상북도,영주시,1.0,4.0,75.0,주의,20260719141900,2026-07-19T14:22:34+09:00
A2700036,의료법인서명의료재단세명종합병원,지역응급의료기관,경상북도,경산시,4.0,13.0,69.23076923076923,주의,20260719141632,2026-07-19T14:22:34+09:00
A2700038,의료법인대남의료재단청도대남병원,지역응급의료기관,경상북도,청도군,10.0,10.0,0.0,여유,20260719141827,2026-07-19T14:22:34+09:00
A2700052,울진군의료원,지역응급의료기관,경상북도,울진군,5.0,8.0,37.5,여유,20260719141602,2026-07-19T14:22:34+09:00
A2700063,의료법인영제의료재단영남제일병원,지역응급의료기관,경상북도,의성군,4.0,,,결측,20260719135600,2026-07-19T14:22:34+09:00
A2700066,의료법인왜관병원,응급실운영신고기관,경상북도,칠곡군,,,,결측,,
A2700070,의료법인영암의료재단고령영생병원,지역응급의료기관,경상북도,고령군,3.0,5.0,40.0,여유,20260719141937,2026-07-19T14:22:34+09:00
A2700071,봉화해성병원,응급실운영신고기관,경상북도,봉화군,,,,결측,,
A2700073,영덕아산병원,응급실운영신고기관,경상북도,영덕군,,,,결측,,
A2700097,계명대학교경주동산병원,지역응급의료기관,경상북도,경주시,3.0,9.0,66.66666666666666,주의,20260719141838,2026-07-19T14:22:34+09:00
A2702563,의료법인은성의료재단좋은선린병원,지역응급의료기관,경상북도,포항시,9.0,10.0,10.0,여유,20260719142034,2026-07-19T14:22:34+09:00
A2702752,영주적십자병원,지역응급의료기관,경상북도,영주시,5.0,10.0,50.0,여유,20260719141801,2026-07-19T14:22:34+09:00
A2800001,경상국립대학교병원,권역응급의료센터,경상남도,진주시,12.0,28.0,57.14285714285714,주의,20260719141804,2026-07-19T14:22:34+09:00
A2800003,제일병원,지역응급의료센터,경상남도,진주시,11.0,17.0,35.294117647058826,여유,20260719141903,2026-07-19T14:22:34+09:00
A2800004,창원파티마병원,지역응급의료센터,경상남도,창원시,-3.0,17.0,,결측,20260719141606,2026-07-19T14:22:34+09:00
A2800005,의료법인 대우의료재단대우병원,지역응급의료기관,경상남도,거제시,4.0,9.0,55.55555555555556,주의,20260719141937,2026-07-19T14:22:34+09:00
A2800006,의료법인숭인의료재단 김해복음병원,지역응급의료센터,경상남도,김해시,7.0,16.0,56.25,주의,20260719141805,2026-07-19T14:22:34+09:00
A2800007,창원한마음병원,지역응급의료센터,경상남도,창원시,-1.0,21.0,,결측,20260719141810,2026-07-19T14:22:34+09:00
A2800008,의료법인 거붕 백병원,지역응급의료기관,경상남도,거제시,7.0,9.0,22.22222222222222,여유,20260719142032,2026-07-19T14:22:34+09:00
A2800009,의료법인청아의료재단청아병원,지역응급의료기관,경상남도,창원시,6.0,9.0,33.33333333333333,여유,20260719142020,2026-07-19T14:22:34+09:00
A2800010,의료법인환명의료재단 조은금강병원,지역응급의료센터,경상남도,김해시,11.0,17.0,35.294117647058826,여유,20260719141834,2026-07-19T14:22:34+09:00
A2800011,양산부산대학교병원,권역응급의료센터,경상남도,양산시,3.0,23.0,86.95652173913044,포화,20260719141827,2026-07-19T14:22:34+09:00
A2800012,근로복지공단 창원병원,응급실운영신고기관,경상남도,창원시,,,,결측,,
A2800014,의료법인갑을의료재단 갑을장유병원,지역응급의료기관,경상남도,김해시,0.0,9.0,100.0,포화,20260719142014,2026-07-19T14:22:34+09:00
A2800015,의료법인 문병욱의료재단 진주고려병원,지역응급의료기관,경상남도,진주시,5.0,10.0,50.0,여유,20260719141628,2026-07-19T14:22:34+09:00
A2800017,의료법인합포의료재단에스엠지연세병원,지역응급의료센터,경상남도,창원시,15.0,17.0,11.76470588235294,여유,20260719142001,2026-07-19T14:22:34+09:00
A2800018,의료법인석영의료재단창원제일종합병원,응급실운영신고기관,경상남도,창원시,,,,결측,,
A2800019,베데스다복음병원,지역응급의료기관,경상남도,양산시,8.0,9.0,11.11111111111111,여유,20260719141951,2026-07-19T14:22:34+09:00
A2800020,학교법인성균관대학삼성창원병원,권역응급의료센터,경상남도,창원시,3.0,18.0,83.33333333333334,포화,20260719142034,2026-07-19T14:22:34+09:00
A2800021,연세에스병원,지역응급의료기관,경상남도,창원시,3.0,9.0,66.66666666666666,주의,20260719141625,2026-07-19T14:22:34+09:00
A2800022,의료법인 성념의료재단맑은샘병원,지역응급의료기관,경상남도,거제시,3.0,9.0,66.66666666666666,주의,20260719141815,2026-07-19T14:22:34+09:00
A2800025,경상남도마산의료원,지역응급의료기관,경상남도,창원시,3.0,13.0,76.92307692307693,주의,20260719142001,2026-07-19T14:22:34+09:00
A2800032,강병원,지역응급의료기관,경상남도,고성군,4.0,9.0,55.55555555555556,주의,20260719141852,2026-07-19T14:22:34+09:00
A2800037,진주복음병원,지역응급의료기관,경상남도,진주시,4.0,9.0,55.55555555555556,주의,20260719141957,2026-07-19T14:22:34+09:00
A2800042,행복한병원,응급실운영신고기관,경상남도,밀양시,,,,결측,,
A2800043,한일병원,지역응급의료센터,경상남도,진주시,12.0,17.0,29.411764705882355,여유,20260719142014,2026-07-19T14:22:34+09:00
A2800044,진주세란병원,응급실운영신고기관,경상남도,진주시,,,,결측,,
A2800045,의료법인 바른의료재단 바른병원,응급실운영신고기관,경상남도,진주시,,,,결측,,
A2800055,삼성합천병원,지역응급의료기관,경상남도,합천군,1.0,4.0,75.0,주의,20260719142001,2026-07-19T14:22:34+09:00
A2800057,의료법인 생명사랑의료재단 밀양윤병원,응급실운영신고기관,경상남도,밀양시,,,,결측,,
A2800062,태황의료재단한성병원,지역응급의료기관,경상남도,창녕군,0.0,9.0,100.0,포화,20260719141941,2026-07-19T14:22:34+09:00
A2800063,의료법인 지평의료재단 메가병원,응급실운영신고기관,경상남도,김해시,,,,결측,,
A2800068,의료법인승연의료재단 삼천포서울병원,지역응급의료기관,경상남도,사천시,7.0,9.0,22.22222222222222,여유,20260719141903,2026-07-19T14:22:34+09:00
A2800076,거창적십자병원,지역응급의료기관,경상남도,거창군,1.0,9.0,88.88888888888889,포화,20260719141803,2026-07-19T14:22:34+09:00
A2800080,함양성심병원,지역응급의료기관,경상남도,함양군,2.0,4.0,50.0,여유,20260719141806,2026-07-19T14:22:34+09:00
A2800084,반도병원,지역응급의료기관,경상남도,진주시,4.0,7.0,42.857142857142854,여유,20260719142001,2026-07-19T14:22:34+09:00
A2800090,의령병원,지역응급의료기관,경상남도,의령군,2.0,4.0,50.0,여유,20260719141708,2026-07-19T14:22:34+09:00
A2800092,새통영병원,지역응급의료기관,경상남도,통영시,0.0,9.0,100.0,포화,20260719142021,2026-07-19T14:22:34+09:00
A2800094,의료법인 이도의료재단 남해병원,지역응급의료기관,경상남도,남해군,5.0,,,결측,20260719132319,2026-07-19T14:22:34+09:00
A2800101,삼천포제일병원,지역응급의료기관,경상남도,사천시,8.0,8.0,0.0,여유,20260719141537,2026-07-19T14:22:34+09:00
A2800113,밀양병원,지역응급의료기관,경상남도,밀양시,2.0,8.0,75.0,주의,20260719141822,2026-07-19T14:22:34+09:00
A2800138,시영의료재단 영동병원,응급실운영신고기관,경상남도,함안군,,,,결측,,
A2800146,의료법인신의료재단김해삼승병원,응급실운영신고기관,경상남도,김해시,,,,결측,,
A2800826,하동중앙의원,응급실운영신고기관,경상남도,하동군,,,,결측,,
A2803447,더조은병원,응급실운영신고기관,경상남도,고성군,,,,결측,,
A2803505,창원경상국립대학교병원,지역응급의료센터,경상남도,창원시,8.0,18.0,55.55555555555556,주의,20260719141801,2026-07-19T14:22:34+09:00
A2803677,강일병원,지역응급의료기관,경상남도,김해시,8.0,8.0,0.0,여유,20260719141719,2026-07-19T14:22:34+09:00
A2803867,본바른병원,응급실운영신고기관,경상남도,양산시,,,,결측,,
A2804216,하나병원,응급실운영신고기관,경상남도,사천시,,,,결측,,
A2804593,양산성모병원,지역응급의료기관,경상남도,양산시,9.0,13.0,30.76923076923077,여유,20260719141944,2026-07-19T14:22:34+09:00
A2900001,제주한라병원,권역응급의료센터,제주특별자치도,제주시,3.0,15.0,80.0,주의,20260719142504,2026-07-19T14:22:34+09:00
A2900002,제주특별자치도서귀포의료원,지역응급의료센터,제주특별자치도,서귀포시,13.0,16.0,18.75,여유,20260719142001,2026-07-19T14:22:34+09:00
A2900003,의료법인 혜인의료재단 한국병원,지역응급의료기관,제주특별자치도,제주시,3.0,9.0,66.66666666666666,주의,20260719142002,2026-07-19T14:22:34+09:00
A2900005,한마음병원,지역응급의료센터,제주특별자치도,제주시,6.0,17.0,64.70588235294117,주의,20260719141553,2026-07-19T14:22:34+09:00
A2900006,의료법인중앙의료재단중앙병원,지역응급의료센터,제주특별자치도,제주시,5.0,16.0,68.75,주의,20260719142021,2026-07-19T14:22:34+09:00
A2900007,제주대학교병원,지역응급의료센터,제주특별자치도,제주시,2.0,20.0,90.0,포화,20260719142000,2026-07-19T14:22:34+09:00
E2100187,연천군보건의료원,지역응급의료기관,경기도,연천군,9.0,10.0,10.0,여유,20260719141800,2026-07-19T14:22:34+09:00
E2200025,화천군보건의료원,지역응급의료기관,강원특별자치도,화천군,6.0,7.0,14.285714285714285,여유,20260719142001,2026-07-19T14:22:34+09:00
E2200026,평창군보건의료원,지역응급의료기관,강원특별자치도,평창군,6.0,6.0,0.0,여유,20260719142001,2026-07-19T14:22:34+09:00
E2300011,단양군보건의료원,지역응급의료기관,충청북도,단양군,6.0,6.0,0.0,여유,20260719142001,2026-07-19T14:22:34+09:00
E2400032,청양군보건의료원,지역응급의료기관,충청남도,청양군,6.0,6.0,0.0,여유,20260719142001,2026-07-19T14:22:34+09:00
E2400033,태안군보건의료원,지역응급의료기관,충청남도,태안군,10.0,10.0,0.0,여유,20260719142001,2026-07-19T14:22:34+09:00
E2500019,무주군보건의료원,지역응급의료기관,전북특별자치도,무주군,4.0,4.0,0.0,여유,20260719142001,2026-07-19T14:22:34+09:00
E2500020,장수군보건의료원,지역응급의료기관,전북특별자치도,장수군,5.0,5.0,0.0,여유,20260719142001,2026-07-19T14:22:34+09:00
E2500021,순창군보건의료원,지역응급의료기관,전북특별자치도,순창군,9.0,9.0,0.0,여유,20260719142001,2026-07-19T14:22:34+09:00
E2500022,임실군보건의료원,지역응급의료기관,전북특별자치도,임실군,3.0,4.0,25.0,여유,20260719142001,2026-07-19T14:22:34+09:00
E2600362,완도군노화읍보건지소,응급실운영신고기관,전남광주통합특별시,완도군,,,,결측,,
E2700553,울릉군보건의료원,지역응급의료기관,경상북도,울릉군,3.0,5.0,40.0,여유,20260719142001,2026-07-19T14:22:34+09:00
E2700554,청송군보건의료원,지역응급의료기관,경상북도,청송군,4.0,5.0,20.0,여유,20260719142000,2026-07-19T14:22:34+09:00
E2800380,산청군보건의료원,지역응급의료기관,경상남도,산청군,2.0,5.0,60.0,주의,20260719142001,2026-07-19T14:22:34+09:00
