시군구코드,시군구명,병상포화도점수,접근성점수,인구대비병상점수,의료진부족점수,regionRisk,클러스터
강원특별자치도|삼척시,삼척시,25.0,0.0,6.2184902242591376,26.115342763873745,13.910999459432889,1
강원특별자치도|영월군,영월군,55.55555555555556,49.55912183349059,7.357949567453084,50.05440696409135,43.29193195259594,0
강원특별자치도|철원군,철원군,100.0,69.83081601393198,28.01812763052656,100.0,76.5528703302849,0
강원특별자치도|춘천시,춘천시,60.71428571428572,1.2243704127993589,20.582064419040265,4.663454064977453,26.43324211739448,1
강원특별자치도|평창군,평창군,0.0,62.14044231177021,20.99276697295745,100.0,37.84068608812255,0
강원특별자치도|홍천군,홍천군,70.0,58.47780080017623,20.6793826345668,100.0,61.17921676696623,0
강원특별자치도|화천군,화천군,14.285714285714285,59.91571267776414,3.217268532021893,100.0,38.61816750973362,0
강원특별자치도|횡성군,횡성군,33.33333333333333,35.56768901105691,12.720951093766748,100.0,39.88116358873709,0
경기도|고양시,고양시,48.44360742008474,3.333278453342688,26.5361652577785,9.548977371144312,24.694825790259813,1
경기도|광명시,광명시,42.85714285714285,6.68435538120747,31.067938520469543,0.0,23.218894318456144,1
경기도|광주시,광주시,55.55555555555556,0.0,100.0,0.0,39.44444444444444,1
경기도|구리시,구리시,50.0,0.9151092274847964,39.75299180094733,5.9847660500544,26.622846035943063,1
경기도|김포시,김포시,34.41558441558441,5.430809936012646,55.9003954114182,3.0467899891186043,25.311795106909766,1
경기도|남양주시,남양주시,45.833333333333336,3.900728403395657,76.0314574430286,12.388047208504211,34.27638375756671,1
경기도|부천시,부천시,50.93295382669197,3.95940556619005,42.12564275294562,2.60091828339393,27.829621802297417,1
경기도|안산시,안산시,37.61826408885232,2.242976491338665,28.357966256755525,7.834602829162122,20.68606905422533,1
경기도|양평군,양평군,22.22222222222222,56.076296353653696,58.80792470003176,50.05440696409135,43.870412668493934,0
경기도|연천군,연천군,10.0,43.17866221671137,7.391304124336652,100.0,32.931859489880736,0
경기도|오산시,오산시,41.17647058823529,1.9032196404679105,59.57785457523397,19.04243743199127,29.75466712786821,1
경기도|의정부시,의정부시,27.476190476190474,1.226717385880344,9.183701873947934,14.708641326779468,14.027718456237276,1
경기도|파주시,파주시,52.20588235294117,14.114503602843392,77.01459701838151,8.507270748837659,39.185419920384376,1
경기도|포천시,포천시,11.601307189542483,11.404298550309097,7.161020608318585,10.33732317736669,10.46454967970132,1
경상남도|거제시,거제시,48.14814814814815,84.40612183931836,30.738313587511826,100.0,63.321351121149725,0
경상남도|거창군,거창군,88.88888888888889,100.0,20.41820046225761,100.0,80.19475120356263,0
경상남도|김해시,김해시,47.88602941176471,8.894812757075682,41.044155836145066,11.69749727965178,29.39200988041713,1
경상남도|밀양시,밀양시,75.0,56.50377530091526,51.08233252528495,100.0,68.41759909533157,0
경상남도|사천시,사천시,11.11111111111111,49.79070151593916,19.193273846650296,100.0,37.6647541130007,0
경상남도|산청군,산청군,60.0,77.41522152055883,20.5770915191927,100.0,63.33998476000619,0
경상남도|양산시,양산시,42.94562120649078,13.133843353071612,27.453613178065588,20.67464635473338,27.56304001701638,1
경상남도|의령군,의령군,50.0,49.40323942233867,18.704495874429693,100.0,51.06187100158754,0
경상남도|진주시,진주시,45.04357298474945,0.8012576956366295,6.174243125186571,20.02176278563654,20.24374089623609,1
경상남도|창녕군,창녕군,100.0,81.86659526097722,18.417498188916102,100.0,78.2434782160764,0
경상남도|창원시,창원시,54.596111949053125,8.290239970249507,28.51240126619532,6.61253871264752,28.29007223337964,1
경상남도|통영시,통영시,100.0,91.00858916784706,54.054329204450426,100.0,88.11344259124421,0
경상남도|함양군,함양군,50.0,73.85278077969633,32.8157865518539,100.0,61.21899154427968,0
경상남도|합천군,합천군,75.0,100.0,38.07683964659706,100.0,78.8653679293194,0
경상북도|고령군,고령군,40.0,55.8715197323151,17.290411158881234,100.0,49.21953815147078,0
경상북도|김천시,김천시,47.24264705882353,1.903034963237572,7.48292531218962,10.881392818280728,20.23463094473954,1
경상북도|문경시,문경시,35.294117647058826,0.0,6.721498393397543,9.793253536452657,15.166228885617995,1
경상북도|상주시,상주시,27.77777777777777,45.17643352256423,12.614719114651264,100.0,40.79809610192174,0
경상북도|안동시,안동시,31.11111111111111,1.8940631387237583,10.24199722725189,1.088139281828073,13.668728168230604,1
경상북도|영주시,영주시,50.0,72.14000696903719,14.619419365701422,100.0,57.06588596385144,0
경상북도|영천시,영천시,20.0,65.48236844625774,36.83315445238786,100.0,49.01134142435489,0
경상북도|예천군,예천군,0.0,59.64067500984302,33.16917922431466,100.0,39.52603834781584,0
경상북도|울릉군,울릉군,40.0,100.0,0.0,100.0,59.0,0
경상북도|울진군,울진군,37.5,100.0,16.02128169225487,43.52557127312291,52.85809202941941,0
경상북도|청도군,청도군,0.0,62.4158943035206,7.245320824003769,100.0,35.17383245585693,0
경상북도|청송군,청송군,20.0,79.58168004642796,10.766396905976478,100.0,48.02778339512368,0
경상북도|포항시,포항시,38.66666666666666,3.978406063107704,29.21314156027468,1.705731847189952,20.825343241399068,1
대구광역시|남구,남구,48.61111111111112,1.9366141953993248,0.0,14.337835242911076,19.74554843394535,1
대구광역시|서구,서구,11.437908496732025,6.058092064986815,10.343867776139753,100.0,22.889469148580204,0
대구광역시|수성구,수성구,11.11111111111111,21.20223498372117,100.0,50.05440696409135,37.75772042861894,1
대구광역시|중구,중구,47.22222222222223,2.158431365484814,0.0,10.4733405875952,18.7463082755625,1
대전광역시|동구,동구,55.55555555555556,5.572477611050449,100.0,100.0,56.11618772775958,1
부산광역시|기장군,기장군,33.333333333333336,29.989273528883466,36.53861772319512,100.0,42.97117226997073,0
부산광역시|남구,남구,100.0,13.520533569686943,100.0,2.176278563656146,59.3826018554545,1
부산광역시|동구,동구,65.07936507936508,6.659024721477815,13.985418632814994,8.705114254624581,28.878336058977805,1
부산광역시|동래구,동래구,34.166666666666664,2.0861989349364705,30.45801489440885,6.217938753303272,19.608486805691538,1
부산광역시|부산진구,부산진구,20.01803751803752,0.7539124692881639,14.797386487703482,14.871236851650323,12.422649697387824,1
부산광역시|북구,북구,50.0,16.18703789332219,58.8064818208587,9.016011192289746,35.469809411011866,1
부산광역시|사상구,사상구,18.181818181818183,2.1904947611585515,28.92825297740824,22.63329706202391,16.201429946769164,1
부산광역시|서구,서구,45.458521870286575,0.9505082670502656,0.0,7.511671171329276,17.32238581041477,1
부산광역시|수영구,수영구,61.655773420479306,0.4953377282728414,6.469282197682326,9.249183895538618,24.409356039516865,1
부산광역시|연제구,연제구,27.77777777777778,6.442714871648962,47.09413558353228,30.46789989118604,25.644048784101276,1
부산광역시|영도구,영도구,63.095238095238095,5.554859133359199,27.40319472511567,100.0,44.23043001836423,0
부산광역시|중구,중구,33.33333333333333,3.3741868935971606,7.823999540346794,100.0,29.24372264281517,0
부산광역시|해운대구,해운대구,46.74329501915709,6.342239184529581,37.301269546098005,10.37917468820623,27.27995512451439,1
서울특별시|강남구,강남구,90.47619047619048,1.264451525206182,25.630288109858768,6.188792165397163,38.10037857100985,1
서울특별시|강서구,강서구,10.0,1.52202914667457,100.0,0.0,23.95660874400237,1
서울특별시|관악구,관악구,33.33333333333333,1.4877324598606745,100.0,1.088139281828073,32.276207296899074,1
서울특별시|광진구,광진구,41.66666666666666,1.420580638712716,45.22565214441245,7.072905331882471,25.115573753612008,1
서울특별시|구로구,구로구,49.42528735632184,2.19003337803974,38.89272018399308,6.800870511425454,26.754535201637,1
서울특별시|금천구,금천구,20.0,7.701283855945132,100.0,4.352557127312291,29.963268725880383,1
서울특별시|동작구,동작구,59.58781362007169,3.554342094733651,25.807649252189123,3.143513480836655,27.55509426800851,1
서울특별시|서초구,서초구,100.0,3.215777201777111,51.98380510612577,8.705114254624581,47.667261319951976,1
서울특별시|성동구,성동구,60.0,1.911654344519549,56.7215800327743,0.0,32.91781230991072,1
서울특별시|성북구,성북구,40.0,0.0,58.61602177001669,9.100801266198424,27.088324543933098,1
서울특별시|양천구,양천구,31.01708519665176,6.072225110024264,35.61462796075952,0.4760609357997822,19.871982084357267,1
서울특별시|종로구,종로구,46.66666666666666,2.578132015187663,0.0,2.300637338722211,17.451868538697962,1
서울특별시|중구,중구,20.0,0.0,27.69360606851895,0.0,12.538721213703791,1
서울특별시|중랑구,중랑구,50.0,3.6862573213882346,49.27435074076412,0.4946087644673068,28.534938659239398,1
세종특별자치시|세종시,세종시,10.0,5.341295613880416,100.0,0.0,25.10238868416413,1
울산광역시|울주군,울주군,30.0,39.37315109883802,98.85703814276349,13.057671381936872,44.04200366549463,1
인천광역시|강화군,강화군,60.0,44.73559518198586,22.059541653559016,56.58324265505977,47.32007328356652,0
인천광역시|남동구,남동구,17.647058823529413,3.422847050120724,48.86816679928531,0.3001763536077452,17.021984516169734,1
인천광역시|미추홀구,미추홀구,47.61904761904762,4.793924674498452,52.60995266851306,6.217938753303272,29.559525415714308,1
인천광역시|연수구,연수구,20.955882352941178,2.293311731460156,68.67303750125939,4.896626768226328,22.491653858453283,1
인천광역시|옹진군,옹진군,20.0,100.0,6.942045657819258,100.0,53.388409131563854,0
전남광주통합특별시|곡성군,곡성군,40.0,48.95432983293576,13.69634342674209,100.0,46.42556763522914,0
전남광주통합특별시|광산구,광산구,37.42028230750035,5.225686318698379,6.925754190054315,14.145810663764946,18.17182714081024,1
전남광주통합특별시|구례군,구례군,0.0,58.94075553814262,0.0,100.0,32.68222666144278,0
전남광주통합특별시|나주시,나주시,52.77777777777778,34.32926833622514,17.944684719898742,100.0,47.35993966706951,0
전남광주통합특별시|남구,남구,43.33333333333333,4.740329716935799,13.746717945871042,14.442575922445329,21.50449555928841,1
전남광주통합특별시|담양군,담양군,33.33333333333333,39.05414070557767,24.61407806748268,100.0,43.3057244918365,0
전남광주통합특별시|동구,동구,67.64214046822742,0.7229041371588529,0.0,4.091403699673553,24.505330959978288,1
전남광주통합특별시|목포시,목포시,41.28880718954248,1.7319634815313412,4.986656424438614,11.22501574938433,17.651755208094645,1
전남광주통합특별시|북구,북구,50.22222222222222,13.39567596783485,33.76053227495889,21.327529923830223,31.547716511694546,1
전남광주통합특별시|서구,서구,41.66666666666666,5.363288117111409,14.510398881125294,21.564942130774533,22.329140864307995,1
전남광주통합특별시|영광군,영광군,35.0,74.78039701306318,0.0,100.0,49.68411910391895,0
전남광주통합특별시|영암군,영암군,0.0,61.69428658544584,19.4054984301655,100.0,37.38938566166685,0
전남광주통합특별시|완도군,완도군,40.0,100.0,33.296143573547845,100.0,65.65922871470957,0
전남광주통합특별시|진도군,진도군,75.0,93.7192188682933,22.98118974333669,100.0,73.96200360915532,0
전남광주통합특별시|화순군,화순군,37.5,1.817219846513328,5.897224158385715,17.410228509249166,17.461145062018517,1
전북특별자치도|고창군,고창군,40.0,49.54789982391306,12.591188160137516,100.0,46.38260757920142,0
전북특별자치도|김제시,김제시,20.0,45.39557618741779,27.833592402288865,56.58324265505977,34.67287773494208,0
전북특별자치도|무주군,무주군,0.0,99.67372308526264,15.98272976435006,100.0,48.0986628784488,0
전북특별자치도|부안군,부안군,50.0,41.044766936690976,11.09228920319848,56.58324265505977,40.51937431990595,0
전북특별자치도|순창군,순창군,0.0,59.8639757054694,1.704237947753515,100.0,33.30004030119152,0
전북특별자치도|임실군,임실군,25.0,54.79786093563258,19.2532183149415,100.0,44.04000194367808,0
전북특별자치도|장수군,장수군,0.0,64.29088907944308,7.627755948819494,100.0,35.81281791359682,0
전북특별자치도|전주시,전주시,67.71118601613958,2.630061272430192,8.612405406856666,12.158773714339768,28.034230625900207,1
전북특별자치도|정읍시,정읍시,23.52941176470588,0.0,17.26507271528576,100.0,26.68830866070421,0
전북특별자치도|진안군,진안군,16.666666666666664,61.80661925746912,7.084088094410762,100.0,40.79213672945622,0
제주특별자치도|서귀포시,서귀포시,18.75,0.0,44.86197895784374,4.352557127312291,16.187779360665594,1
제주특별자치도|제주시,제주시,74.02450980392157,6.177637462547532,18.98557447606295,7.004896626768218,32.60971905936464,1
충청남도|당진시,당진시,70.58823529411765,0.0,38.371572915030114,3.627130939426909,32.924266576861235,1
충청남도|부여군,부여군,22.22222222222222,47.01137827986925,20.396497154696387,100.0,40.96049069267783,0
충청남도|서천군,서천군,20.0,30.51062682434425,35.94131985352325,100.0,38.34145201800793,0
충청남도|아산시,아산시,30.384615384615387,2.090926917715462,65.72700868059795,10.065288356909672,25.917088449586064,1
충청남도|청양군,청양군,0.0,43.74457379986104,11.793420265360636,100.0,30.48205619303044,0
충청남도|태안군,태안군,0.0,30.98808468797232,17.295037390229815,7.616974972796509,13.897979130357136,1
충청북도|단양군,단양군,0.0,53.44900690073965,9.817848137616338,100.0,32.99827169774516,0
충청북도|진천군,진천군,41.17647058823529,0.0,12.551154628728913,100.0,31.92199563162813,0
충청북도|청주시,청주시,48.688071188071184,5.541182131223342,30.31052806888768,32.100108813928145,29.580301491058677,1
