시군구코드,시도,시군구,기준위도,기준경도,출발위도,출발경도,중심점방법,경계버전,도로보정_km,후보순위,기관코드,병원명,도착위도,도착경도,직선거리_km,경로우선순위,경로요청키,도로거리_km,예상시간_분,경로결과코드,경로상태,수집시각
강원특별자치도|강릉시,강원특별자치도,강릉시,37.70953423566182,128.83207215920189,37.70953423566182,128.83207215920189,최신경계기하대표점,20260701,0.0,1,A2200005,의료법인강릉동인병원,37.77432579461282,128.90714180258507,9.77120705809557,DISTANCE,127681db4410ee9fcc356a259de458d67f2eba09b9f5a9e46d29d762cd7d1edd,11.678,22.133333333333333,0,성공,2026-08-30T16:29:04+09:00
강원특별자치도|동해시,강원특별자치도,동해시,37.50720319368216,129.0559878250828,37.51618630543207,129.0446637680323,최신경계기하대표점:도로탐색보정,20260701,1.4125821240882193,1,A2200007,강원특별자치도삼척의료원,37.44027922704624,129.16370014395005,13.475062189428247,DISTANCE,7ebe2c5a04b4cd0284d94dddb9c5c63feac0cc6e06b6479788c85925f4db62ea,16.775,28.2,0,성공,2026-08-30T16:29:04+09:00
강원특별자치도|삼척시,강원특별자치도,삼척시,37.27757566657094,129.1220347582437,37.27757566657094,129.1333241791143,최신경계기하대표점:도로탐색보정,20260701,0.9988764514767956,1,A2200007,강원특별자치도삼척의료원,37.44027922704624,129.16370014395005,18.289924873181274,DISTANCE,3a49f65c9c12a18120d2160f84cdd6a4c9b59c978841c95cca4f1d050b5e6220,32.333,46.5,0,성공,2026-08-30T16:29:04+09:00
강원특별자치도|속초시,강원특별자치도,속초시,38.17631725462495,128.52009353294903,38.17631725462495,128.53152079359444,최신경계기하대표점:도로탐색보정,20260701,0.99887645143947,1,A2200012,강원특별자치도속초의료원,38.21622784728713,128.5891194514502,6.710429058039791,DISTANCE,efc28dc79b6fd5499825a77ade94152a906227448c3f0f335122820b5eb40194,8.735,20.616666666666667,0,성공,2026-08-30T16:29:04+09:00
강원특별자치도|양구군,강원특별자치도,양구군,38.180731534435886,127.99921617984069,38.180731534435886,127.99921617984069,최신경계기하대표점,20260701,0.0,1,A2200013,한림대학교춘천성심병원,37.88413581388737,127.73989454269612,40.044069194590094,DISTANCE,4a95d3916e78df880004448f9e8e65ce95eedb1dbbfaf6a10a1e2e4f53c41b2a,52.669,65.9,0,성공,2026-08-30T16:29:04+09:00
강원특별자치도|영월군,강원특별자치도,영월군,37.20363566224822,128.5012864883804,37.20363566224822,128.5012864883804,최신경계기하대표점,20260701,0.0,1,A2300009,의료법인명지의료재단명지병원,37.1630057642892,128.23405656001103,24.101027931308586,DISTANCE,33d2deec2765f9bfde6a8943d9b1416a8f3b706691d179d8c6b1781116a20275,30.643,33.93333333333333,0,성공,2026-08-30T16:29:04+09:00
강원특별자치도|원주시,강원특별자치도,원주시,37.308378241121055,127.93110970689337,37.308378241121055,127.93110970689337,최신경계기하대표점,20260701,0.0,1,A2200001,연세대학교원주세브란스기독병원,37.34795543031888,127.9456453098751,4.584616127463182,DISTANCE,c4dbd603a7e434cf1cb2bd409f95b26794f73107a99e7735f2fb79c9b79babd4,7.188,16.633333333333333,0,성공,2026-08-30T16:29:04+09:00
강원특별자치도|정선군,강원특별자치도,정선군,37.3787005286541,128.73921966410643,37.36971741690419,128.72791503844522,최신경계기하대표점:도로탐색보정,20260701,1.4126669223117516,3,A2300009,의료법인명지의료재단명지병원,37.1630057642892,128.23405656001103,49.378446661888916,DISTANCE,1d024eb0b1facaf006b903729c0ed4894acd1a409f79868864089c1263107f45,68.484,75.2,0,성공,2026-08-30T16:29:26+09:00
강원특별자치도|철원군,강원특별자치도,철원군,38.23419195964161,127.3565473340446,38.23419195964161,127.3565473340446,최신경계기하대표점,20260701,0.0,1,A2100031,경기도의료원포천병원,37.903264018475866,127.1983186069986,39.318156685652255,DISTANCE,43bff12fa842577e64039e7e65f380797464398c2431914b2cb225c70a5a6676,43.075,67.1,0,성공,2026-08-30T16:29:04+09:00
강원특별자치도|춘천시,강원특별자치도,춘천시,37.8901047163075,127.74008106881728,37.8901047163075,127.74008106881728,최신경계기하대표점,20260701,0.0,1,A2200013,한림대학교춘천성심병원,37.88413581388737,127.73989454269612,0.6639134905283598,DISTANCE,70e96ace6acb4e3eca64ce357ecf0d58c953484dc1bbecbf326fe26cd5a459b5,1.793,5.583333333333333,0,성공,2026-08-30T16:29:04+09:00
강원특별자치도|태백시,강원특별자치도,태백시,37.172760912100486,128.9801473020609,37.172760912100486,128.9801473020609,최신경계기하대표점,20260701,0.0,1,A2200007,강원특별자치도삼척의료원,37.44027922704624,129.16370014395005,33.88829782670644,DISTANCE,2b96f5e84b64002481e19edb9d2245a7f7896729287d941b143db78b0dbdfcc0,46.891,54.9,0,성공,2026-08-30T16:29:04+09:00
강원특별자치도|평창군,강원특별자치도,평창군,37.55660001760862,128.48261109655957,37.55660001760862,128.48261109655957,최신경계기하대표점,20260701,0.0,2,A2200005,의료법인강릉동인병원,37.77432579461282,128.90714180258507,44.52478441362391,DISTANCE,4ea850854c8f1d11057cf82f96b160498aba0f6034b57c8986932b4629c61ed8,58.558,78.9,0,성공,2026-08-30T16:29:29+09:00
강원특별자치도|홍천군,강원특별자치도,홍천군,37.74489014465092,128.07417854966775,37.74489014465092,128.07417854966775,최신경계기하대표점,20260701,0.0,1,A2200009,강원대학교병원,37.87497158192399,127.74448573764938,32.374230590636444,DISTANCE,cba439010a10fb3486eb28c35f496b8f7c5b3babaaddda9c4c165b93719f7399,49.741,51.11666666666667,0,성공,2026-08-30T16:29:04+09:00
강원특별자치도|화천군,강원특별자치도,화천군,38.16100146558343,127.68758168439078,38.16100146558343,127.68758168439078,최신경계기하대표점,20260701,0.0,1,A2200013,한림대학교춘천성심병원,37.88413581388737,127.73989454269612,31.125221238412838,DISTANCE,5afe97c5f401ce28ca74c9765e04dd0534c8f1977e725a6be54e5dc1fcbb3ac4,42.45,65.38333333333334,0,성공,2026-08-30T16:29:04+09:00
강원특별자치도|횡성군,강원특별자치도,횡성군,37.50976839422013,128.07736460450434,37.50976839422013,128.07736460450434,최신경계기하대표점,20260701,0.0,1,A2200001,연세대학교원주세브란스기독병원,37.34795543031888,127.9456453098751,21.424712309935874,DISTANCE,00b37c5995c2c00e98e3f4dddc2de8d226710edaaa2fe06124779acef4c6c58c,28.859,53.46666666666667,0,성공,2026-08-30T16:29:04+09:00
경기도|가평군,경기도,가평군,37.818701691449085,127.45025604170554,37.818701691449085,127.45025604170554,최신경계기하대표점,20260701,0.0,5,A2200009,강원대학교병원,37.87497158192399,127.74448573764938,26.581849487820865,DISTANCE,4cd8b0cde5efc428ae5a88154babbe998cb88113d8c4fe1fd9632d8603692611,38.922,59.05,0,성공,2026-08-30T16:29:32+09:00
경기도|고양시,경기도,고양시,37.66507690379481,126.83578629680004,37.66507690379481,126.83578629680004,최신경계기하대표점,20260701,0.0,1,A2100042,의료법인명지의료재단명지병원,37.64207169115689,126.83145733035823,2.586295413087273,DISTANCE,3fcea1f4f228b04ebb8ee65a57d51d5a1b643dad69b281e283112e7c60d77c19,3.178,10.566666666666666,0,성공,2026-08-30T16:29:04+09:00
경기도|광명시,경기도,광명시,37.4454707984408,126.86471921885014,37.4454707984408,126.86471921885014,최신경계기하대표점,20260701,0.0,2,A2100007,광명성애병원,37.4734614743463,126.87192258470483,3.1766981405512564,DISTANCE,64e0bf145962b0656ef2437cefda2b36d570f337d3a3cec530b36ba1c6da4443,3.96,10.2,0,성공,2026-08-30T16:29:32+09:00
경기도|광주시,경기도,광주시,37.40300281102924,127.30113106631912,37.40300281102924,127.30113106631912,최신경계기하대표점,20260701,0.0,1,A2100155,참조은병원,37.41095382720454,127.26022384023878,3.719792494907294,DISTANCE,e0365ae0e615f9f73475023e65085f966a6410e9c13713cc3474cb9fee110f43,6.011,14.6,0,성공,2026-08-30T16:29:05+09:00
경기도|구리시,경기도,구리시,37.599727160919066,127.13136830194152,37.599727160919066,127.13136830194152,최신경계기하대표점,20260701,0.0,1,A2100039,한양대학교구리병원,37.6012760077,127.13250756940002,0.19933550543576534,DISTANCE,b27db6a3ce6a7dc193b679689c82fcbcb3cce08943a56458c9288ccf7ebcab38,0.436,1.85,0,성공,2026-08-30T16:29:05+09:00
경기도|군포시,경기도,군포시,37.34318292637382,126.92123357969793,37.34318292637382,126.92123357969793,최신경계기하대표점,20260701,0.0,1,A2100048,원광대학교산본병원,37.359787179442414,126.93330716393872,2.1325548182045866,DISTANCE,b631de0fd459c79efd122ce8dc6d604a2fbc9ba9a7691d822fabd8cc1cd87599,2.402,8.183333333333334,0,성공,2026-08-30T16:29:05+09:00
경기도|김포시,경기도,김포시,37.67843457963173,126.62497030939276,37.67843457963173,126.62497030939276,최신경계기하대표점,20260701,0.0,1,A2100006,의료법인인봉의료재단뉴고려병원,37.64095507933562,126.66022763544731,5.196230063706666,DISTANCE,688cb7c320ec65237e4f14ac2c140d3f023f6f6f5510c6de9f5825199e7f0083,6.812,14.033333333333331,0,성공,2026-08-30T16:29:05+09:00
경기도|남양주시,경기도,남양주시,37.66304367339652,127.24323773147738,37.66304367339652,127.24323773147738,최신경계기하대표점,20260701,0.0,1,A2100041,남양주한양병원,37.68238094157572,127.2043136287129,4.044690546505012,DISTANCE,b8bb87b9a6f1360af1d4d33e8f1d58d7f824a20d0b428230123ea2e27ac2bbd2,12.334,19.45,0,성공,2026-08-30T16:29:05+09:00
경기도|동두천시,경기도,동두천시,37.91655037280255,127.07795016745511,37.91655037280255,127.07795016745511,최신경계기하대표점,20260701,0.0,1,A2100031,경기도의료원포천병원,37.903264018475866,127.1983186069986,10.662806829716963,DISTANCE,a12812ad40cd0865129167213d4118b0773b019e6e0ef0d30443daa724cd8800,20.825,39.06666666666667,0,성공,2026-08-30T16:29:05+09:00
경기도|부천시,경기도,부천시,37.50428648053597,126.78865277579798,37.50428648053597,126.78865277579798,최신경계기하대표점,20260701,0.0,1,A2100052,가톨릭대학교부천성모병원,37.4874477394264,126.79243459155,1.9018756833268222,DISTANCE,0ccf8558232ab287577e7ec2b10e60b6f60f04aff80fb24d5ecf283d8dafacb2,2.653,10.916666666666666,0,성공,2026-08-30T16:29:05+09:00
경기도|성남시,경기도,성남시,37.407398924856864,127.1161298449459,37.407398924856864,127.1161298449459,최신경계기하대표점,20260701,0.0,1,A2100030,차의과학대학교분당차병원,37.4101145912911,127.125083678928,0.8465330009783529,DISTANCE,fbbd1c4b54d3739aae356e429ccf5bae3e35aee6994e81c1d7b1bb780355c915,1.628,9.183333333333334,0,성공,2026-08-30T16:29:05+09:00
경기도|수원시,경기도,수원시,37.28044427142034,127.00768772878472,37.28044427142034,127.00768772878472,최신경계기하대표점,20260701,0.0,1,A2100012,가톨릭대학교성빈센트병원,37.27792234538125,127.02744945028702,1.7708047514039715,DISTANCE,cd5349bfb6ad6aa071bad815c3d57f2f79fccf2902f688a1d85d40dc066639d7,3.006,12.866666666666667,0,성공,2026-08-30T16:29:05+09:00
경기도|시흥시,경기도,시흥시,37.38638062955131,126.7837916801278,37.38638062955131,126.7837916801278,최신경계기하대표점,20260701,0.0,1,A2100008,의료법인남촌의료재단시화병원,37.349955639806,126.736970968751,5.790071728007119,DISTANCE,27690c5deccef9fdad63dbd096455695db40572f3907baeec9f19876bbb3c03c,7.423,12.816666666666666,0,성공,2026-08-30T16:29:05+09:00
경기도|안산시,경기도,안산시,37.31520530861706,126.87064829139878,37.31520530861706,126.87064829139878,최신경계기하대표점,20260701,0.0,1,A2100003,고려대학교의과대학부속안산병원,37.31885818300129,126.8250018362211,4.057018071403099,DISTANCE,3b4f56efc1f1dd0f00c8271b715e904a7782b5c0b254ba95b27c86b92720b97d,5.11,12.283333333333331,0,성공,2026-08-30T16:29:05+09:00
경기도|안성시,경기도,안성시,37.03490778314931,127.30308548628736,37.03490778314931,127.30308548628736,최신경계기하대표점,20260701,0.0,5,A2100019,(의)영문의료재단다보스병원,37.234641294534285,127.21049868474802,23.677378616119935,DISTANCE,1f705e0ec1c5917dbcb4384e13eb952f1f2ecd210542ce106c330222a49a8b51,30.0,41.25,0,성공,2026-08-30T16:29:41+09:00
경기도|안양시,경기도,안양시,37.402600809612615,126.92768985345027,37.402600809612615,126.92768985345027,최신경계기하대표점,20260701,0.0,1,A2100015,효산의료재단안양샘병원,37.39340413136221,126.92447734066778,1.0612697119276162,DISTANCE,1adcd60737c6c7419a88e5d1840a89e521f6930341dd4fe6548b621eb9aded3f,2.841,8.733333333333333,0,성공,2026-08-30T16:29:05+09:00
경기도|양주시,경기도,양주시,37.80872103932338,127.00119890333224,37.80872103932338,127.00119890333224,최신경계기하대표점,20260701,0.0,1,A2117994,학교법인을지학원의정부을지대학교병원,37.7518290378344,127.050695679688,7.677378200907833,DISTANCE,07baccac46846167db7bc81b9afe959985494300a3cdecb55d5d684c7010efeb,9.51,21.33333333333333,0,성공,2026-08-30T16:29:05+09:00
경기도|양평군,경기도,양평군,37.51820658879196,127.57871868104016,37.51820658879196,127.59004440771204,최신경계기하대표점:도로탐색보정,20260701,0.998876451468014,1,A2100193,경기도의료원이천병원,37.282694444444445,127.43266388888888,29.649051790670978,DISTANCE,89a94e81ece44682e913197ca85ccdca5dc234bd6c27aa52c8316d9860620108,39.08,77.66666666666667,0,성공,2026-08-30T16:29:06+09:00
경기도|여주시,경기도,여주시,37.30251905634283,127.61567487528784,37.30251905634283,127.61567487528784,최신경계기하대표점,20260701,0.0,1,A2100193,경기도의료원이천병원,37.282694444444445,127.43266388888888,16.338778141820026,DISTANCE,f14172307f4f5fbb0135196c2f03bd889e4fe8e4158013d11b5da445181e2404,17.848,44.91666666666666,0,성공,2026-08-30T16:29:05+09:00
경기도|연천군,경기도,연천군,38.09829617600168,127.02493799436634,38.09829617600168,127.02493799436634,최신경계기하대표점,20260701,0.0,1,A2100031,경기도의료원포천병원,37.903264018475866,127.1983186069986,26.478333704339715,DISTANCE,a42441f85dc5fbef3d6f7f2579e18ca9733c3f571b6600970a51fc894d151de5,34.162,50.4,0,성공,2026-08-30T16:29:05+09:00
경기도|오산시,경기도,오산시,37.16330228674965,127.05127459635992,37.16330228674965,127.05127459635992,최신경계기하대표점,20260701,0.0,1,A2100024,오산한국병원,37.14122844920573,127.07533756274844,3.2515492225993285,DISTANCE,d0ebe04ad65e249ef95cebb747ee33a02b6b4b1ee36eda4345ecbbf4f3a295be,4.23,13.6,0,성공,2026-08-30T16:29:06+09:00
경기도|용인시,경기도,용인시,37.221533858822426,127.22194818284058,37.221533858822426,127.22194818284058,최신경계기하대표점,20260701,0.0,1,A2100019,(의)영문의료재단다보스병원,37.234641294534285,127.21049868474802,1.775344457909275,DISTANCE,e9541c2a1c7f481ca3e3f21161df2eec36f828f0077d69686557bce086537b65,2.956,8.1,0,성공,2026-08-30T16:29:06+09:00
경기도|의정부시,경기도,의정부시,37.73620855362152,127.06818942003696,37.73620855362152,127.06818942003696,최신경계기하대표점,20260701,0.0,1,A2117994,학교법인을지학원의정부을지대학교병원,37.7518290378344,127.050695679688,2.3201080390519104,DISTANCE,b6a518f917b3caf9c5e59098069147067cd72ebc2d4e33b522e6c4dac4eddfe8,3.197,8.166666666666666,0,성공,2026-08-30T16:29:06+09:00
경기도|이천시,경기도,이천시,37.20995124992897,127.48107868356652,37.20995124992897,127.48107868356652,최신경계기하대표점,20260701,0.0,1,A2100193,경기도의료원이천병원,37.282694444444445,127.43266388888888,9.153791163587808,DISTANCE,f203de05db4c0c752d5b55071634dcd9e34c012a638bbed1dedd611ccab6d893,10.601,23.0,0,성공,2026-08-30T16:29:06+09:00
경기도|파주시,경기도,파주시,37.855790160887366,126.80983051914556,37.855790160887366,126.80983051914556,최신경계기하대표점,20260701,0.0,1,A2100035,경기도의료원파주병원,37.7548802103,126.779637936,11.529945263205967,DISTANCE,715b2b9ad2bd10a15e04fe9d5e29ba12a6926bdfefa8a494a2d2634b39093324,14.024,24.48333333333333,0,성공,2026-08-30T16:29:06+09:00
경기도|평택시,경기도,평택시,37.01573596448127,126.99493597502676,37.01573596448127,126.99493597502676,최신경계기하대표점,20260701,0.0,1,A2113246,의료법인양진의료재단평택성모병원,37.008809910565546,127.07371568769604,7.0371102380999435,DISTANCE,97b557f71e17922d058d2843bc9638d253bbe0254578ffaf8712c9c194ef8da3,8.582,16.85,0,성공,2026-08-30T16:29:06+09:00
경기도|포천시,경기도,포천시,37.97010301449183,127.25048310279396,37.97010301449183,127.25048310279396,최신경계기하대표점,20260701,0.0,1,A2100031,경기도의료원포천병원,37.903264018475866,127.1983186069986,8.72726901605192,DISTANCE,119283b6f1aafeea29e2b4b988c03ab2dd25ab2508df9155d16f2aed9e9a75d7,11.781,24.3,0,성공,2026-08-30T16:29:06+09:00
경기도|화성시,경기도,화성시,37.16606444650916,126.87285043413456,37.16606444650916,126.87285043413456,최신경계기하대표점,20260701,0.0,1,A2117135,의료법인명인의료재단화홍병원,37.2601427452511,126.963891671858,13.2072343083647,DISTANCE,3c83face62a6a20e76630cf89841f4a6f6503f4c06c6e53579bc1c726e02a1af,17.002,33.31666666666667,0,성공,2026-08-30T16:29:06+09:00
경상남도|거제시,경상남도,거제시,34.870494992394484,128.6236848224321,34.870494992394484,128.6236848224321,최신경계기하대표점,20260701,0.0,6,A1200004,고신대학교복음병원,35.08029169184386,129.01572016067405,42.662486088558175,DISTANCE,ef309b5e674588431581b3e7fd73666583f7ecd7c4b17c32b49eae2c0c60a7ca,60.133,80.41666666666667,0,성공,2026-08-30T16:29:51+09:00
경상남도|거창군,경상남도,거창군,35.73256127846652,127.90419681256104,35.73256127846652,127.90419681256104,최신경계기하대표점,20260701,0.0,1,A2700012,의료법인덕산의료재단김천제일병원,36.13534199566352,128.11882383545816,48.777988051639646,DISTANCE,ef6235f1239441133374434e6e5f299127a3e1622bb3065cb67ca07c021bd624,58.37,63.3,0,성공,2026-08-30T16:29:06+09:00
경상남도|고성군,경상남도,고성군,35.01565692131164,128.29120945280627,35.01565692131164,128.29120945280627,최신경계기하대표점,20260701,0.0,1,A2800043,한일병원,35.16696519825003,128.128547657113,22.407551727289498,DISTANCE,5062daedeb8dfb534f2f1b2371c43bafaa7d6a0dc9a773cd3d33e06b14e3bd3a,32.777,46.18333333333333,0,성공,2026-08-30T16:29:06+09:00
경상남도|김해시,경상남도,김해시,35.27194428723572,128.84531370037925,35.27194428723572,128.84531370037925,최신경계기하대표점,20260701,0.0,1,A2800010,의료법인환명의료재단 조은금강병원,35.2623038386,128.8615781975,1.8246889490221674,DISTANCE,4be95b8a720ccbbea8189fa7c1fee328f4703b4d5e8cae5832f9b5190072a685,2.839,4.566666666666666,0,성공,2026-08-30T16:29:06+09:00
경상남도|남해군,경상남도,남해군,34.809696628845806,127.92719332460268,34.809696628845806,127.92719332460268,최신경계기하대표점,20260701,0.0,5,A2800043,한일병원,35.16696519825003,128.128547657113,43.75679373318106,DISTANCE,bda1d52c03adaf987a7db8569ef78ded2bc74e2ff564d5df88c7429a5607c514,54.711,78.95,0,성공,2026-08-30T16:29:53+09:00
경상남도|밀양시,경상남도,밀양시,35.498075743901104,128.78932671286933,35.498075743901104,128.78932671286933,최신경계기하대표점,20260701,0.0,1,A2800010,의료법인환명의료재단 조은금강병원,35.2623038386,128.8615781975,27.022565636085123,DISTANCE,bc3b61576b8c3eea4013770c39a5df33dc9251b9c3d00f47739550f2f2a742c4,36.857,45.7,0,성공,2026-08-30T16:29:06+09:00
경상남도|사천시,경상남도,사천시,35.0505155,128.0396185,35.0505155,128.0396185,최신경계기하대표점,20260701,0.0,3,A2800043,한일병원,35.16696519825003,128.128547657113,15.2677665098111,DISTANCE,8c36c051a0ca42bffe6be8d2faa3e6eb0ca71a7616e10c7212b5fa154b1a2e20,18.135,32.03333333333333,0,성공,2026-08-30T16:29:55+09:00
경상남도|산청군,경상남도,산청군,35.36858684622744,127.88434240878992,35.392316583127766,127.88426916250012,최신경계기하대표점:도로탐색보정,20260701,2.638634709851751,1,A2800003,제일병원,35.1793997485,128.0899464997,30.15016189145486,DISTANCE,300a9bebadc3cda7a34c5ad00bafebb91739c473fd98556056e08586e306880f,39.615,43.93333333333333,0,성공,2026-08-30T16:29:08+09:00
경상남도|양산시,경상남도,양산시,35.40201818043826,129.0412768814506,35.40201818043826,129.0412768814506,최신경계기하대표점,20260701,0.0,1,A2800011,양산부산대학교병원,35.32781996751182,129.00588613550423,8.852613926312884,DISTANCE,b272138d24b12a0a27c9bcf5534355933b2ffb1eabcb24d70d695a59108a630a,11.639,21.216666666666665,0,성공,2026-08-30T16:29:06+09:00
경상남도|의령군,경상남도,의령군,35.392282676015725,128.27736803565872,35.392282676015725,128.27736803565872,최신경계기하대표점,20260701,0.0,1,A2800043,한일병원,35.16696519825003,128.128547657113,28.46402611795668,DISTANCE,124f23e2716941a4f287b1d30374061f3afd781f4af5c30b5d1570ee594d44ad,40.947,56.61666666666667,0,성공,2026-08-30T16:29:06+09:00
경상남도|진주시,경상남도,진주시,35.20514289476305,128.12980989536575,35.20514289476305,128.12980989536575,최신경계기하대표점,20260701,0.0,2,A2800001,경상국립대학교병원,35.17634016550792,128.09564813723503,4.460327722388443,DISTANCE,297bdce81d10bf3469ba9fca3193ee82e5ecd106c111aae4e84ea83772f3f838,5.393,14.483333333333333,0,성공,2026-08-30T16:29:57+09:00
경상남도|창녕군,경상남도,창녕군,35.50858156968058,128.49288091342007,35.50858156968058,128.49288091342007,최신경계기하대표점,20260701,0.0,1,A2800020,학교법인성균관대학삼성창원병원,35.242599227316994,128.592430520838,30.922423360104816,DISTANCE,ab0f0776cadcdd4805b2bd52bfaa7862c64d5e55507f8ee3f05158602ecea964,40.339,46.65,0,성공,2026-08-30T16:29:07+09:00
경상남도|창원시,경상남도,창원시,35.20038261696353,128.59931328488352,35.20038261696353,128.59931328488352,최신경계기하대표점,20260701,0.0,3,A2800004,창원파티마병원,35.2372418321,128.6444852768,5.799719679849075,DISTANCE,2b78ad8ebdbd1028d93dd77c11b4d227b839e8cbcdef834980d11174e7a39650,8.435,13.133333333333333,0,성공,2026-08-30T16:29:59+09:00
경상남도|통영시,경상남도,통영시,34.82611274821184,128.3746863705182,34.82611274821184,128.3746863705182,최신경계기하대표점,20260701,0.0,2,A2800043,한일병원,35.16696519825003,128.128547657113,44.03602234763863,DISTANCE,22559669bb752bf6b17595980922bf47074cba2cd837a730695ba89e9718b57e,63.138,63.25,0,성공,2026-08-30T16:29:59+09:00
경상남도|하동군,경상남도,하동군,35.13757242595975,127.7794116940999,35.13757242595975,127.7794116940999,최신경계기하대표점,20260701,0.0,1,A2800003,제일병원,35.1793997485,128.0899464997,28.610891800108874,DISTANCE,f8da0c5a30037d8fbd56a4677051e64618145c0aaf93c8f401d46814964bda1f,40.83,54.31666666666667,0,성공,2026-08-30T16:29:07+09:00
경상남도|함안군,경상남도,함안군,35.29115882043452,128.43125131876363,35.29115882043452,128.43125131876363,최신경계기하대표점,20260701,0.0,1,A2800020,학교법인성균관대학삼성창원병원,35.242599227316994,128.592430520838,15.5974896926521,DISTANCE,d41d1761702423e5eb2fd959a7ef47bdf5f6325e74fffad55e27c763b0ca8751,19.617,34.7,0,성공,2026-08-30T16:29:07+09:00
경상남도|함양군,경상남도,함양군,35.551596650539054,127.72189413082812,35.551596650539054,127.72189413082812,최신경계기하대표점,20260701,0.0,1,A2500004,전북특별자치도남원의료원,35.43189945917936,127.40719103150715,31.4470623762473,DISTANCE,c431b435a356d24be4f5f040f8bc54788cb3f6252500d79d32b5af7ce69d79bf,40.079,51.13333333333333,0,성공,2026-08-30T16:29:07+09:00
경상남도|합천군,경상남도,합천군,35.576556544015,128.14171891624522,35.576556544015,128.14171891624522,최신경계기하대표점,20260701,0.0,2,A2800003,제일병원,35.1793997485,128.0899464997,44.4105647692496,DISTANCE,044183abbb986dd9acb782d0e47e60390c27b27110ec2f76518aa635dd74507d,53.892,55.03333333333333,0,성공,2026-08-30T16:30:02+09:00
경상북도|경산시,경상북도,경산시,35.83367726509709,128.80929168762745,35.83367726509709,128.80929168762745,최신경계기하대표점,20260701,0.0,1,A1300009,대구파티마병원,35.88393360650045,128.62383509209542,17.62272845119099,DISTANCE,d6e958c251ac0be58ab932d9efaa8bda8d9ad967b1d2357eb6fa0d89bde22068,23.051,62.61666666666667,0,성공,2026-08-30T16:29:07+09:00
경상북도|경주시,경상북도,경주시,35.82659143800053,129.23586421245795,35.82659143800053,129.23586421245795,최신경계기하대표점,20260701,0.0,1,A2700003,동국대학교의과대학경주병원,35.85839884416154,129.19669937927446,4.997167128897253,DISTANCE,f7dc619c9e33788e98bb26ccede0cf30183def98a8fc00c7a51fbe69a7fa9d2b,6.03,16.5,0,성공,2026-08-30T16:29:07+09:00
경상북도|고령군,경상북도,고령군,35.73636885858543,128.3057634556702,35.73636885858543,128.3057634556702,최신경계기하대표점,20260701,0.0,1,A1300003,계명대학교동산병원,35.85388728949212,128.48012966656532,20.446938666377843,DISTANCE,20a4fe199ded6a3479db1bbbb33b017cc65b590a4fbd447f9c224c6c9e8b5dd6,27.098,50.03333333333333,0,성공,2026-08-30T16:29:07+09:00
경상북도|구미시,경상북도,구미시,36.207710027191965,128.3554548827065,36.207710027191965,128.3554548827065,최신경계기하대표점,20260701,0.0,1,A2700007,차의과학대학교부속구미차병원,36.11452808183706,128.34054647885029,10.44744316199392,DISTANCE,cacebab124b0541e4e4796d21042bc7fd1f6b3e7c9d80a7daa0b81e9b4b9d2e5,13.447,26.383333333333333,0,성공,2026-08-30T16:29:07+09:00
경상북도|김천시,경상북도,김천시,36.06054228271047,128.07807597995148,36.06054228271047,128.07807597995148,최신경계기하대표점,20260701,0.0,1,A2700012,의료법인덕산의료재단김천제일병원,36.13534199566352,128.11882383545816,9.087444856315981,DISTANCE,c21d58dcb763d483547027089ab919a00eced90626649c33f197d48c490e2316,11.115,19.45,0,성공,2026-08-30T16:29:07+09:00
경상북도|문경시,경상북도,문경시,36.69056538123547,128.14882864433375,36.69056538123547,128.14882864433375,최신경계기하대표점,20260701,0.0,1,A2700006,의료법인동춘의료재단문경제일병원,36.5848214366,128.189771534,12.31261783059441,DISTANCE,5197fc232c20c6c0923170f61cc8269073e3131a30640775bd22df0be8828151,18.375,25.716666666666665,0,성공,2026-08-30T16:29:07+09:00
경상북도|봉화군,경상북도,봉화군,36.93447845825107,128.91302867139464,36.93447845825107,128.91302867139464,최신경계기하대표점,20260701,0.0,1,A2700004,안동성소병원,36.56712693337398,128.72245351866204,44.2359411908971,DISTANCE,6cf4a905e145714107fefea3dd2c3b67a9df286e1342b27c482ee5a933bc4568,55.116,65.43333333333334,0,성공,2026-08-30T16:29:07+09:00
경상북도|상주시,경상북도,상주시,36.42949864141076,128.06694205767292,36.42949864141076,128.06694205767292,최신경계기하대표점,20260701,0.0,1,A2700006,의료법인동춘의료재단문경제일병원,36.5848214366,128.189771534,20.46482385281465,DISTANCE,ec416462668b902b8d4251048ed9b250fe656f2f5486abf9e8caaa32cedd76c0,32.013,36.65,0,성공,2026-08-30T16:29:07+09:00
경상북도|성주군,경상북도,성주군,35.90703626745889,128.2342014490066,35.90703626745889,128.2342014490066,최신경계기하대표점,20260701,0.0,1,A1300003,계명대학교동산병원,35.85388728949212,128.48012966656532,22.93146620017843,DISTANCE,30cfd8cbb2af34f5b2ffdf8a0b8a5d92cc02e3b84cf82fb1ad63978c6c6d0d86,28.109,34.7,0,성공,2026-08-30T16:29:08+09:00
경상북도|안동시,경상북도,안동시,36.58025852589,128.7800188922888,36.58025852589,128.7800188922888,최신경계기하대표점,20260701,0.0,1,A2700004,안동성소병원,36.56712693337398,128.72245351866204,5.343924404203344,DISTANCE,1fce53d572aaf1075c56932c342ac9b8517981c28d28fcb9000b7ef23e4fd98a,6.167,12.316666666666666,0,성공,2026-08-30T16:29:08+09:00
경상북도|영덕군,경상북도,영덕군,36.48249200192048,129.3179712261013,36.50356992465585,129.36013452182522,최신경계기하대표점:도로탐색보정,20260701,4.438388715336878,1,A2700002,포항세명기독병원,36.0181008246,129.3615706051,53.981854527401914,DISTANCE,4f6e3a3ac9c126fb67e55b9f63c0741ca4a8636c9f05cdfba89badc9329bd1b5,61.375,86.9,0,성공,2026-08-30T16:29:09+09:00
경상북도|영양군,경상북도,영양군,36.6971689336282,129.1451319049594,36.70615204537811,129.1451319049594,최신경계기하대표점:도로탐색보정,20260701,0.9988764520714528,1,A2700004,안동성소병원,36.56712693337398,128.72245351866204,40.759507420600194,DISTANCE,67ba455372f26f312964b4403038f3f80364df393a96880a33d412b99414bebc,55.291,71.08333333333333,0,성공,2026-08-30T16:29:08+09:00
경상북도|영주시,경상북도,영주시,36.87044009602999,128.59785389126728,36.87044009602999,128.59785389126728,최신경계기하대표점,20260701,0.0,1,A2700004,안동성소병원,36.56712693337398,128.72245351866204,35.50830827704694,DISTANCE,93ec9ddafe4679cf1d34c4fd96ade27b76e802109e10399940e59a6730185296,42.055,53.13333333333333,0,성공,2026-08-30T16:29:08+09:00
경상북도|영천시,경상북도,영천시,36.01568959961574,128.94248612638108,36.01568959961574,128.94248612638108,최신경계기하대표점,20260701,0.0,2,A1300009,대구파티마병원,35.88393360650045,128.62383509209542,32.208522079061424,DISTANCE,bc61743124c1a877534ab6075671dd0c0b50922b7b861f145dafb94d30ce7f34,39.762,48.1,0,성공,2026-08-30T16:30:11+09:00
경상북도|예천군,경상북도,예천군,36.65416313289635,128.4226021604269,36.65416313289635,128.4226021604269,최신경계기하대표점,20260701,0.0,1,A2700006,의료법인동춘의료재단문경제일병원,36.5848214366,128.189771534,22.163761756344726,DISTANCE,6310755feb9b8343239844856c0dd9e73a21fd8bdbbb1548a6bffe72a785e248,26.027,34.31666666666667,0,성공,2026-08-30T16:29:08+09:00
경상북도|울릉군,경상북도,울릉군,37.50231831001224,130.8638460211066,37.48999409591214,130.89056931308798,최신경계기하대표점:도로탐색보정,20260701,2.7269192064217544,1,A2200007,강원특별자치도삼척의료원,37.44027922704624,129.16370014395005,152.5081603181327,DISTANCE,8f55426a22275d758fb83fec5823bb97c4eed838d3968aa9ccdb784bbf4c95f2,182.125,197.1833333333333,0,성공,2026-08-30T16:29:10+09:00
경상북도|울진군,경상북도,울진군,36.904233730161,129.31296900374187,36.904233730161,129.31296900374187,최신경계기하대표점,20260701,0.0,1,A2200007,강원특별자치도삼척의료원,37.44027922704624,129.16370014395005,61.05516930103647,DISTANCE,16747a2e656c9d3a6dbfbb046ac9216c613dd12ec7dea80ade3a5e664d6236df,95.685,135.7,0,성공,2026-08-30T16:29:08+09:00
경상북도|의성군,경상북도,의성군,36.36199824698405,128.61519716148192,36.36199824698405,128.62635232656123,최신경계기하대표점:도로탐색보정,20260701,0.9988764515166932,1,A2700014,의료법인안동병원,36.54691448006022,128.70097021920307,21.617646202060463,DISTANCE,cafcf9d60fb270e1ab460c4cd1b636e74a09a63a8403adcdc671d89846a0ba7c,33.254,38.28333333333333,0,성공,2026-08-30T16:29:08+09:00
경상북도|청도군,경상북도,청도군,35.672526709985625,128.78568569652575,35.672526709985625,128.78568569652575,최신경계기하대표점,20260701,0.0,1,A1300001,영남대학교병원,35.84750592025217,128.58513118547506,26.57148858694993,DISTANCE,426c785fc423bcd5513ce47965004d8b770b39fbdcd4e632473c83fa60140882,36.446,81.11666666666666,0,성공,2026-08-30T16:29:09+09:00
경상북도|청송군,경상북도,청송군,36.35715198827636,129.05736806524598,36.35715198827636,129.05736806524598,최신경계기하대표점,20260701,0.0,1,A2700004,안동성소병원,36.56712693337398,128.72245351866204,37.97616421493695,DISTANCE,b30a0d5bd623989e25c2e37c11d49e5159a499771777958e351a09690c911c45,51.614,58.55,0,성공,2026-08-30T16:29:09+09:00
경상북도|칠곡군,경상북도,칠곡군,36.01565735561221,128.46301760285223,36.01565735561221,128.46301760285223,최신경계기하대표점,20260701,0.0,2,A2700013,순천향대학교부속구미병원,36.10286857919866,128.38265476387454,12.09235374205074,DISTANCE,22514145d423beae1b5fdb8b0dfed261c781a417c05947965a459db0931a8509,21.193,35.8,0,성공,2026-08-30T16:30:15+09:00
경상북도|포항시,경상북도,포항시,36.09316667015994,129.30543464322923,36.09316667015994,129.31655152824172,최신경계기하대표점:도로탐색보정,20260701,0.9988764515262384,2,A2700002,포항세명기독병원,36.0181008246,129.3615706051,9.2762911469097,DISTANCE,c37572c07093cab75dd20b97c610143762ca6fdb1c3e345668544fcd29793c90,12.663,35.13333333333333,0,성공,2026-08-30T16:30:16+09:00
대구광역시|남구,대구광역시,남구,35.83535001492616,128.58541068335816,35.83535001492616,128.58541068335816,최신경계기하대표점,20260701,0.0,2,A1300004,대구가톨릭대학교병원,35.843065593522674,128.56742621424615,1.834168967016296,DISTANCE,250f51e0099704976ad83d446c8be633c2189f97b6e9829fdef8274eaeaf061e,2.683,9.716666666666669,0,성공,2026-08-30T16:30:16+09:00
대구광역시|달서구,대구광역시,달서구,35.827496185671194,128.52853182403024,35.827496185671194,128.52853182403024,최신경계기하대표점,20260701,0.0,1,A1300004,대구가톨릭대학교병원,35.843065593522674,128.56742621424615,3.9103034928345592,DISTANCE,52e144dab11c0adb73355a35c1d5b12c9281e255ef898afd934a485e4095b9ec,5.587,20.2,0,성공,2026-08-30T16:29:09+09:00
대구광역시|달성군,대구광역시,달성군,35.75950344188209,128.49862795122735,35.75950344188209,128.49862795122735,최신경계기하대표점,20260701,0.0,2,A1300004,대구가톨릭대학교병원,35.843065593522674,128.56742621424615,11.172819872604599,DISTANCE,2285bf175a9079220c9df82ee10cf489fc889a1264b447b960e49962e096517e,14.808,37.88333333333333,0,성공,2026-08-30T16:30:18+09:00
대구광역시|동구,대구광역시,동구,35.93457273686532,128.68581567164367,35.93457273686532,128.68581567164367,최신경계기하대표점,20260701,0.0,1,A1300009,대구파티마병원,35.88393360650045,128.62383509209542,7.92879822693078,DISTANCE,ab11dce0d1151ae7374bfa1dc50da7cfc191ab768e5d3c8c0783d93991f58208,10.493,28.133333333333333,0,성공,2026-08-30T16:29:09+09:00
대구광역시|북구,대구광역시,북구,35.92863994221861,128.5773473335572,35.92863994221861,128.5884410404026,최신경계기하대표점:도로탐색보정,20260701,0.9988764515349594,1,A1300010,칠곡경북대학교병원,35.9560830613237,128.564408469835,3.7406773324746156,DISTANCE,ee26019ae0a87540ca3e971f24a8a758c6cd92ce7c9a22eda83338e50eb0bfb2,6.543,13.183333333333334,0,성공,2026-08-30T16:29:10+09:00
대구광역시|서구,대구광역시,서구,35.87510074017786,128.5496946406443,35.87510074017786,128.5496946406443,최신경계기하대표점,20260701,0.0,1,A1300004,대구가톨릭대학교병원,35.843065593522674,128.56742621424615,3.9041433632395006,DISTANCE,d51651c2b0ce1ce4622238c5a973dd0a71dd6199605c89e8039509a394c34114,4.723,14.683333333333334,0,성공,2026-08-30T16:29:10+09:00
대구광역시|수성구,대구광역시,수성구,35.83421973565831,128.66136620485366,35.83421973565831,128.66136620485366,최신경계기하대표점,20260701,0.0,2,A1300009,대구파티마병원,35.88393360650045,128.62383509209542,6.480567370844545,DISTANCE,5164d904841bf8fd939f2412801ac5e1442c1ac778eba8eef3a2024bc562107f,8.761,30.65,0,성공,2026-08-30T16:30:20+09:00
대구광역시|중구,대구광역시,중구,35.86655359651983,128.59339957737004,35.86655359651983,128.6044845864497,최신경계기하대표점:도로탐색보정,20260701,0.9988764515369511,1,A1300002,경북대학교병원,35.866235497221616,128.60431466100363,0.0385430968291477,DISTANCE,2ef44657e34a1338bfef9834c192f11e948ac97f4b1afdef8cdc492724d07428,0.315,1.15,0,성공,2026-08-30T16:29:10+09:00
대전광역시|대덕구,대전광역시,대덕구,36.41227522816743,127.44045787534972,36.41227522816743,127.44045787534972,최신경계기하대표점,20260701,0.0,2,A1600008,의료법인영훈의료재단대전선병원,36.3359621088938,127.41011056508802,8.909993643572532,DISTANCE,edd98c20f18180bf0e2eaade3491defd0e0e2c84775656f56e2f587cfaa6f757,11.153,28.183333333333334,0,성공,2026-08-30T16:30:22+09:00
대전광역시|동구,대전광역시,동구,36.32383513263455,127.4750230371952,36.32383513263455,127.4750230371952,최신경계기하대표점,20260701,0.0,1,A1600005,학교법인가톨릭학원가톨릭대학교대전성모병원,36.32302490017959,127.42027313317438,4.905773141952327,DISTANCE,c2878fd13c308278b8c5f59b89b655b7b91ec750c929aa76b39748394b50fbea,6.194,20.4,0,성공,2026-08-30T16:29:10+09:00
대전광역시|서구,대전광역시,서구,36.28065949320312,127.3452245655545,36.28065949320312,127.3452245655545,최신경계기하대표점,20260701,0.0,1,A1600006,학교법인건양교육재단건양대학교병원,36.306711701457246,127.34263046359918,2.906187680325641,DISTANCE,8339dea49437ff0af9db8911818f4466cc180093ee4de4f1d326a2598d85dee4,5.37,11.633333333333333,0,성공,2026-08-30T16:29:10+09:00
대전광역시|유성구,대전광역시,유성구,36.37683498126362,127.33298037053096,36.37683498126362,127.33298037053096,최신경계기하대표점,20260701,0.0,1,A1600007,의료법인영훈의료재단유성선병원,36.37535496572087,127.32491359339664,0.7407127505267703,DISTANCE,ab09a3f1fd45318699cc0fc88d5376f42ca214c1d5af49c5b0b1d50840f33a03,3.427,5.4,0,성공,2026-08-30T16:29:10+09:00
대전광역시|중구,대전광역시,중구,36.280747339353326,127.41130792339467,36.280747339353326,127.41130792339467,최신경계기하대표점,20260701,0.0,1,A1600001,충남대학교병원,36.31696055071064,127.41546133417684,4.043891751264517,DISTANCE,ad63900da54d14f8e210654b95ff71bdab07035fcf9a9e7a62f01944b3ca214f,8.669,23.5,0,성공,2026-08-30T16:29:10+09:00
부산광역시|금정구,부산광역시,금정구,35.25901543782271,129.09174371656826,35.25901543782271,129.09174371656826,최신경계기하대표점,20260701,0.0,1,A1200018,대동병원,35.204273174435535,129.08021549527504,6.176462209789408,DISTANCE,d84fdb3711710190590a43ac7b984f4472e1b5cf9f62732525ebec53d3398379,6.954,23.58333333333333,0,성공,2026-08-30T16:29:10+09:00
부산광역시|기장군,부산광역시,기장군,35.29700483882162,129.20152905071893,35.29700483882162,129.20152905071893,최신경계기하대표점,20260701,0.0,1,A1200022,인제대학교 해운대백병원,35.17334313589264,129.182181239924,13.862379881381012,DISTANCE,3f472e21b4549fc8f1742d24e513de33f1772b7799e0e60390dd921ac73d99c8,17.274,37.8,0,성공,2026-08-30T16:29:10+09:00
부산광역시|남구,부산광역시,남구,35.126268753053424,129.0940968877415,35.126268753053424,129.0940968877415,최신경계기하대표점,20260701,0.0,1,A1200007,비에이치에스한서병원,35.1610460623,129.1128811328,4.227445675736633,DISTANCE,2924ee675e2f4d140b28899bbc1d86e3652226143f979727179c67cd026844c5,5.5,20.166666666666668,0,성공,2026-08-30T16:29:10+09:00
부산광역시|동구,부산광역시,동구,35.12936256571513,129.0446552761767,35.12936256571513,129.0446552761767,최신경계기하대표점,20260701,0.0,3,A1200020,의료법인 온그룹의료재단 온병원,35.15787735996765,129.04998435792845,3.2075113351406492,DISTANCE,52129c0c111aa8421bc27e1c060fb81ede749695ab4ec04198b924aa096454be,4.501,12.95,0,성공,2026-08-30T16:30:26+09:00
부산광역시|동래구,부산광역시,동래구,35.206365466890134,129.0789544854013,35.206365466890134,129.0789544854013,최신경계기하대표점,20260701,0.0,1,A1200018,대동병원,35.204273174435535,129.08021549527504,0.25933293720195055,DISTANCE,643d06f467073e6faa3f02cd35c9dcacf232931b55a304e542318e23f990fb83,0.388,1.9666666666666663,0,성공,2026-08-30T16:29:10+09:00
부산광역시|부산진구,부산광역시,부산진구,35.16507246021146,129.0431828153446,35.16507246021146,129.0431828153446,최신경계기하대표점,20260701,0.0,1,A1200020,의료법인 온그룹의료재단 온병원,35.15787735996765,129.04998435792845,1.0111307142757269,DISTANCE,62200b10989edfe44c5db50d6b1a8f9d36ce5c3b334e25ccbf2bda8c2bdab2ab,1.428,4.516666666666667,0,성공,2026-08-30T16:29:10+09:00
부산광역시|북구,부산광역시,북구,35.23031945992211,129.0241823465681,35.23930257167202,129.0241823465681,최신경계기하대표점:도로탐색보정,20260701,0.9988764520714528,1,A1200018,대동병원,35.204273174435535,129.08021549527504,6.409306217251785,DISTANCE,0728319609b989eb13f7d4aeea2aa5f0b177f6566704a8e2922a15fc47d8ec02,10.406,26.48333333333333,0,성공,2026-08-30T16:29:11+09:00
부산광역시|사상구,부산광역시,사상구,35.15802360836226,128.9868891581846,35.15802360836226,128.9868891581846,최신경계기하대표점,20260701,0.0,1,A1200005,의료법인 은성의료재단 좋은삼선병원,35.1505677387241,129.0081978825217,2.107194715105199,DISTANCE,c745f0b92f5bb7d9ca202ab5b787604261d47817ccfbc4132ed0340cf092290c,2.456,7.283333333333333,0,성공,2026-08-30T16:29:10+09:00
부산광역시|사하구,부산광역시,사하구,35.08856133307978,128.97146044957083,35.08856133307978,128.97146044957083,최신경계기하대표점,20260701,0.0,1,A1200004,고신대학교복음병원,35.08029169184386,129.01572016067405,4.130901946670943,DISTANCE,61af0d1c8fb111b0a5cf14cf3a2f1d8dfe1de563b22a7e746eab182d8e74ddab,5.128,12.8,0,성공,2026-08-30T16:29:10+09:00
부산광역시|서구,부산광역시,서구,35.10259053471167,129.01479535421402,35.10259053471167,129.01479535421402,최신경계기하대표점,20260701,0.0,1,A1200002,부산대학교병원,35.10105418267188,129.01922207984205,0.4374453951695943,DISTANCE,bca5a460fcb3b78f3782c0c531e05621a4fcc25ec22813a0f5dd97a75f60af44,0.659,2.183333333333333,0,성공,2026-08-30T16:29:10+09:00
부산광역시|수영구,부산광역시,수영구,35.16111932504458,129.11173923251462,35.16111932504458,129.11173923251462,최신경계기하대표점,20260701,0.0,1,A1200007,비에이치에스한서병원,35.1610460623,129.1128811328,0.10412462098570277,DISTANCE,9bc0623312c1660e6aed8e7ab3164c07be51742aca0a149907683215323c38df,0.432,1.6166666666666667,0,성공,2026-08-30T16:29:11+09:00
부산광역시|연제구,부산광역시,연제구,35.18241896372864,129.08325082007386,35.18241896372864,129.08325082007386,최신경계기하대표점,20260701,0.0,1,A1200018,대동병원,35.204273174435535,129.08021549527504,2.4456803329088177,DISTANCE,eeb0750e1a40420cb278fae2252e5a11c2815293224e4fd0108af1538f10770a,3.184,11.666666666666666,0,성공,2026-08-30T16:29:11+09:00
부산광역시|영도구,부산광역시,영도구,35.078572548190174,129.06532257497875,35.078572548190174,129.06532257497875,최신경계기하대표점,20260701,0.0,2,A1200002,부산대학교병원,35.10105418267188,129.01922207984205,4.882912820711709,DISTANCE,8e1849b0ec173e0222ca33709d496b313f3caef08a2237dac03b6e6929c62097,6.983,23.766666666666666,0,성공,2026-08-30T16:30:30+09:00
부산광역시|중구,부산광역시,중구,35.10535717772163,129.0321054066598,35.10535717772163,129.0321054066598,최신경계기하대표점,20260701,0.0,1,A1200002,부산대학교병원,35.10105418267188,129.01922207984205,1.2659090040327097,DISTANCE,08680e2b1ba250359ac1dded099010c3cfa09eaba5875b2da789ad2f6fc6c513,1.721,8.533333333333333,0,성공,2026-08-30T16:29:11+09:00
부산광역시|해운대구,부산광역시,해운대구,35.19359868449478,129.1537586015892,35.18461557274487,129.14276617674832,최신경계기하대표점:도로탐색보정,20260701,1.41266367151386,1,A1200007,비에이치에스한서병원,35.1610460623,129.1128811328,3.77453497193004,DISTANCE,d55c474d09fc07f7c4e9ac500a6cbe3bbdf3d7125c48d83e185cf44265af36ae,5.056,18.966666666666665,0,성공,2026-08-30T16:30:31+09:00
서울특별시|강남구,서울특별시,강남구,37.497101180004606,127.06274796143536,37.497101180004606,127.06274796143536,최신경계기하대표점,20260701,0.0,1,A1100015,연세대학교의과대학강남세브란스병원,37.49280698464548,127.04631254186796,1.5265775274592126,DISTANCE,a294b7d592c4ac3db5bdc053764d2b94bb0733ba5c29deef6f48d75c02752d82,2.014,7.683333333333334,0,성공,2026-08-30T16:29:11+09:00
서울특별시|강동구,서울특별시,강동구,37.55051123526563,127.14664986354816,37.55051123526563,127.14664986354816,최신경계기하대표점,20260701,0.0,1,A1100043,강동경희대학교병원,37.5520459324005,127.157084787845,0.9355985116802743,DISTANCE,f28a57c4d7c2601ee7580e79a6575cc0b90c8aa0c4c620cd57a20780e481a71e,1.573,6.266666666666667,0,성공,2026-08-30T16:29:11+09:00
서울특별시|강북구,서울특별시,강북구,37.64358170012042,127.01115765584105,37.64358170012042,127.01115765584105,최신경계기하대표점,20260701,0.0,1,A1100020,의료법인한전의료재단 한일병원,37.64611570419094,127.02902417950423,1.5981022303807746,DISTANCE,f9a86e4f34850b8c0402110b9a669e9ab72b34385bdd111026155b2aa410e50a,2.101,8.883333333333333,0,성공,2026-08-30T16:29:11+09:00
서울특별시|강서구,서울특별시,강서구,37.56125637135474,126.82270265163504,37.56125637135474,126.82270265163504,최신경계기하대표점,20260701,0.0,1,A1120796,이화여자대학교의과대학부속서울병원,37.557261149,126.8362659275,1.2754290156888062,DISTANCE,e97517d25f5539e4b564c56d5278271097a76862fc128d3d81e6825da1540fcb,1.626,8.233333333333333,0,성공,2026-08-30T16:29:11+09:00
서울특별시|관악구,서울특별시,관악구,37.46704899502772,126.94604691409374,37.46704899502772,126.94604691409374,최신경계기하대표점,20260701,0.0,8,A1100012,학교법인가톨릭학원가톨릭대학교서울성모병원,37.50180080478528,127.00472725970135,6.4606932966658,DISTANCE,b25cd9507fdc20bdddf975e6392c182a522a8cd2015bfbebfe461913e0130112,9.484,26.5,0,성공,2026-08-30T16:30:35+09:00
서울특별시|광진구,서울특별시,광진구,37.54654577151352,127.08652472901996,37.54654577151352,127.08652472901996,최신경계기하대표점,20260701,0.0,1,A1100002,건국대학교병원,37.54084479467721,127.0721229093036,1.419187358656025,DISTANCE,fca2f49bcaee4e0ffea1b78c076e8b15163b0d510ddf8d02b512a0366659f78c,2.105,9.05,0,성공,2026-08-30T16:29:11+09:00
서울특별시|구로구,서울특별시,구로구,37.49436400216212,126.8566995427296,37.49436400216212,126.8566995427296,최신경계기하대표점,20260701,0.0,2,A2100007,광명성애병원,37.4734614743463,126.87192258470483,2.6844733131070284,DISTANCE,7a3ddb145882f184060da91255b6a656acfd66264f88e37f2987df687f831f83,3.411,15.7,0,성공,2026-08-30T16:30:35+09:00
서울특별시|금천구,서울특별시,금천구,37.46045045934971,126.90125942913384,37.46045045934971,126.90125942913384,최신경계기하대표점,20260701,0.0,1,A2100007,광명성애병원,37.4734614743463,126.87192258470483,2.965940897744728,DISTANCE,af2573e834f229457d48b7b625e75fc9699f9b2c4f581b204f7a80cedf6f1c32,3.973,12.55,0,성공,2026-08-30T16:29:12+09:00
서울특별시|노원구,서울특별시,노원구,37.65208455946551,127.0752536707041,37.65208455946551,127.0752536707041,최신경계기하대표점,20260701,0.0,1,A1100016,인제대학교상계백병원,37.6485812672986,127.06311619032104,1.137361881778894,DISTANCE,2e1c82102efdc21a6aa26d4f38c8b3234e3c4930d24ed7c329980914bb30a109,1.525,7.15,0,성공,2026-08-30T16:29:12+09:00
서울특별시|도봉구,서울특별시,도봉구,37.66917000734109,127.03243779330684,37.66917000734109,127.03243779330684,최신경계기하대표점,20260701,0.0,1,A1100020,의료법인한전의료재단 한일병원,37.64611570419094,127.02902417950423,2.5810741595668723,DISTANCE,9f89c2167ace7586a82be8be04cc2a9a79d2122c7fbd11e343aaed456e37d511,3.357,12.966666666666669,0,성공,2026-08-30T16:29:12+09:00
서울특별시|동대문구,서울특별시,동대문구,37.58193870861362,127.0552441943268,37.58193870861362,127.0552441943268,최신경계기하대표점,20260701,0.0,2,A1100001,경희대학교병원,37.5938765502235,127.05183223390304,1.361046147213147,DISTANCE,2b9695a1165d1545435a73e0bc7a8da578c0b3cab011c553ce629dbcf5c12f15,1.88,12.133333333333333,0,성공,2026-08-30T16:30:37+09:00
서울특별시|동작구,서울특별시,동작구,37.498969180167904,126.95137995709656,37.498969180167904,126.95137995709656,최신경계기하대표점,20260701,0.0,1,A1100003,중앙대학교병원,37.50707428493414,126.96079378447554,1.225500126653838,DISTANCE,de858033cd14d3274e0a30f3b12e26e77d6c2e8ef5683dc95d1e862472d738a5,1.923,7.016666666666667,0,성공,2026-08-30T16:29:12+09:00
서울특별시|마포구,서울특별시,마포구,37.55941238239047,126.90806283305758,37.55941238239047,126.90806283305758,최신경계기하대표점,20260701,0.0,1,A1100007,연세대학교의과대학세브란스병원,37.56211711412639,126.94082769649864,2.903677196288007,DISTANCE,f7ebe7f94a6375527bb249b8174851b5b5ec930416cac98f8663473bb96a87bb,4.388,20.5,0,성공,2026-08-30T16:29:12+09:00
서울특별시|서대문구,서울특별시,서대문구,37.57741732602496,126.93902072467957,37.57741732602496,126.93902072467957,최신경계기하대표점,20260701,0.0,1,A1100007,연세대학교의과대학세브란스병원,37.56211711412639,126.94082769649864,1.7087435383172562,DISTANCE,fb03a994bc083dbc3ee8c9039e8c7c0ed859943d207efc2396a7b319d99913bc,2.831,10.316666666666666,0,성공,2026-08-30T16:29:12+09:00
서울특별시|서초구,서울특별시,서초구,37.4733488413492,127.031585519515,37.4733488413492,127.031585519515,최신경계기하대표점,20260701,0.0,1,A1100015,연세대학교의과대학강남세브란스병원,37.49280698464548,127.04631254186796,2.523881878171947,DISTANCE,ff38d48913b3e785ee1ee26c85c7bd4561df6f147e55d559bddbc4265dcdebe1,3.611,13.816666666666666,0,성공,2026-08-30T16:29:12+09:00
서울특별시|성동구,서울특별시,성동구,37.551125328541886,127.04107708980952,37.551125328541886,127.04107708980952,최신경계기하대표점,20260701,0.0,1,A1100013,한양대학교병원,37.559944533564746,127.04488284061982,1.0364477669213705,DISTANCE,f00b6eeed553282575780d3a4f738abeae43686183975f42d599b0a6c0a04f5c,1.563,4.466666666666667,0,성공,2026-08-30T16:29:13+09:00
서울특별시|성북구,서울특별시,성북구,37.60587497524429,127.01806311057958,37.60587497524429,127.01806311057958,최신경계기하대표점,20260701,0.0,1,A1100008,학교법인 고려중앙학원 고려대학교의과대학부속병원(안암병원),37.58715608002366,127.02647086385966,2.209326291153244,DISTANCE,a430f651e1eb933cf693fb82a54e05105c0d8689fc9993901fc582b0110cd737,3.353,11.766666666666667,0,성공,2026-08-30T16:29:13+09:00
서울특별시|송파구,서울특별시,송파구,37.50509521328679,127.11529234884544,37.50509521328679,127.11529234884544,최신경계기하대표점,20260701,0.0,1,A1100009,재단법인아산사회복지재단서울아산병원,37.526563966361216,127.10823825113609,2.4669583244118205,DISTANCE,27bd5bd7804cdbc98171900e10334e815c467d5eaee396ac6dda7e36caf127b4,4.318,12.5,0,성공,2026-08-30T16:29:13+09:00
서울특별시|양천구,서울특별시,양천구,37.52472460039756,126.85552705735188,37.52472460039756,126.85552705735188,최신경계기하대표점,20260701,0.0,1,A1100005,이화여자대학교의과대학부속목동병원,37.53654282637804,126.8862159683056,3.0083678171473847,DISTANCE,4706753b0fd4c9a624b139db5f4a942b82c93a996f74a502b1c25e48d6cbf3c0,3.899,13.7,0,성공,2026-08-30T16:29:13+09:00
서울특별시|영등포구,서울특별시,영등포구,37.52242651798301,126.91030797634794,37.52242651798301,126.91030797634794,최신경계기하대표점,20260701,0.0,1,A1100054,성애의료재단성애병원,37.51205044957338,126.92236733617032,1.5692058596551317,DISTANCE,1f31658b78ebf0220de2c0fc3dbc110966134b26847ffab614dc5145f1ae1c9e,2.326,8.366666666666667,0,성공,2026-08-30T16:29:13+09:00
서울특별시|용산구,서울특별시,용산구,37.53123766661841,126.9803744452966,37.53123766661841,126.9803744452966,최신경계기하대표점,20260701,0.0,1,A1100004,순천향대학교부속서울병원,37.53384172231443,127.00441798640304,2.139803160607404,DISTANCE,8814295f43ed3d28ff7a85954825c46f5e790d3729f73cf93fe4570e0ca28f3f,3.803,13.266666666666667,0,성공,2026-08-30T16:29:13+09:00
서울특별시|은평구,서울특별시,은평구,37.619923280064384,126.92898353339486,37.619923280064384,126.92898353339486,최신경계기하대표점,20260701,0.0,1,A1121013,가톨릭대학교은평성모병원,37.63360840972685,126.91615048739686,1.8954943001135363,DISTANCE,1c702327c2038c04d4e12cde593558d19bf4284c3060c59742e074739f8165ba,2.977,13.6,0,성공,2026-08-30T16:29:13+09:00
서울특별시|종로구,서울특별시,종로구,37.59432909802209,126.9776279449155,37.59432909802209,126.9776279449155,최신경계기하대표점,20260701,0.0,1,A1100017,서울대학교병원,37.57966608924356,126.99896308412193,2.4884711872550884,DISTANCE,f6eab2315eea19336ebe84f6bc7ee8bf1249db3b5c9b6fb24a951c450ef08065,3.834,13.866666666666667,0,성공,2026-08-30T16:29:13+09:00
서울특별시|중구,서울특별시,중구,37.56006392624973,126.99565967668003,37.56006392624973,126.99565967668003,최신경계기하대표점,20260701,0.0,1,A1100052,국립중앙의료원,37.56733955813183,127.00579539705473,1.2052498022265419,DISTANCE,2103efa806a24ec36e87fad42a8b3e4ce5d5c3c4d7630fec9f6806f2aa940571,1.971,6.816666666666666,0,성공,2026-08-30T16:29:13+09:00
서울특별시|중랑구,서울특별시,중랑구,37.59798850514837,127.09308855668512,37.59798850514837,127.09308855668512,최신경계기하대표점,20260701,0.0,1,A1100035,서울특별시서울의료원,37.61286931510163,127.0980910949257,1.7123485145158168,DISTANCE,69f2b01bd4de8b6e98ae489ce974070d7ef3e1705fb12bd84c566e987ea23fac,2.054,7.283333333333333,0,성공,2026-08-30T16:29:13+09:00
세종특별자치시|세종시,세종특별자치시,세종시,36.56083626164786,127.25873835841418,36.56083626164786,127.25873835841418,최신경계기하대표점,20260701,0.0,1,A1800441,세종충남대학교병원,36.5195133641377,127.257942661368,4.595446402177713,DISTANCE,f4c4b2bd9e70f1f20d701725f0ca4d3638a4b2d120dfc8b1b6bb6d7f2dd2ea4f,7.439,14.166666666666666,0,성공,2026-08-30T16:29:13+09:00
울산광역시|남구,울산광역시,남구,35.51557430120697,129.32853052734873,35.51557430120697,129.32853052734873,최신경계기하대표점,20260701,0.0,2,A1700003,울산병원,35.54621707569275,129.32309962689618,3.442579826947203,DISTANCE,ab23a944f8061d0303816e0d074ccff9018e77260c56fb476e6cf28c2391b3d8,5.685,14.5,0,성공,2026-08-30T16:30:46+09:00
울산광역시|동구,울산광역시,동구,35.52532963587321,129.42645815225202,35.52532963587321,129.42645815225202,최신경계기하대표점,20260701,0.0,1,A1700004,학교법인울산공업학원울산대학교병원,35.5200593154,129.4288047478,0.6233251071136643,DISTANCE,7b9cfca475bb4272d5ebe756d99c4489ef8cfe6c45d9cffd4bf297e0d42a44d3,1.242,4.133333333333334,0,성공,2026-08-30T16:29:13+09:00
울산광역시|북구,울산광역시,북구,35.61036802113422,129.3797657400347,35.61036802113422,129.3797657400347,최신경계기하대표점,20260701,0.0,1,A1700025,의료법인송은의료재단울산시티병원,35.58285370330335,129.35905740278503,3.5869262490839127,DISTANCE,4192199727e7d218a045a442100a9fe551d2ef13d6827c198caa2fd4a6e4fab6,4.759,13.9,0,성공,2026-08-30T16:29:13+09:00
울산광역시|울주군,울산광역시,울주군,35.54596750929242,129.18751842727008,35.54596750929242,129.18751842727008,최신경계기하대표점,20260701,0.0,1,A1700002,의료법인동강의료재단동강병원,35.55340950863559,129.30194290200075,10.38494471324945,DISTANCE,c1065658de18d896f8a14d85853fefcb0c98f89b6f96d5fe05f31fcecb6ea0f4,13.814,34.68333333333333,0,성공,2026-08-30T16:29:13+09:00
울산광역시|중구,울산광역시,중구,35.570901339394325,129.3095146582207,35.570901339394325,129.3095146582207,최신경계기하대표점,20260701,0.0,1,A1700002,의료법인동강의료재단동강병원,35.55340950863559,129.30194290200075,2.062070011352795,DISTANCE,340051d0f117c1d3ae48a19d0188ed2fce0d24682048650627569640669f27fa,4.053,9.366666666666667,0,성공,2026-08-30T16:29:13+09:00
인천광역시|강화군,인천광역시,강화군,37.71001764149232,126.40185826422535,37.71001764149232,126.40185826422535,최신경계기하대표점,20260701,0.0,1,A2100006,의료법인인봉의료재단뉴고려병원,37.64095507933562,126.66022763544731,24.000597284675585,DISTANCE,713325cc586bb7f6a834496de120924634398d8eaefda55f87944504679fe553,31.696,62.21666666666667,0,성공,2026-08-30T16:29:14+09:00
인천광역시|검단구,인천광역시,검단구,37.59477109999107,126.65079047452332,37.59477109999107,126.65079047452332,최신경계기하대표점,20260701,0.0,1,A1400010,검단탑병원,37.59241914491385,126.6710400927469,1.8031823873173858,DISTANCE,7d3c38916fc18b5f19247a9fd0c4b15dd3210d3805a98373b1d7c41c12a5c5c9,3.367,9.133333333333333,0,성공,2026-08-30T16:29:14+09:00
인천광역시|계양구,인천광역시,계양구,37.55718861386335,126.73480608043722,37.55718861386335,126.73480608043722,최신경계기하대표점,20260701,0.0,2,A1400014,의료법인인성의료재단한림병원,37.53218449100167,126.73435495537971,2.7806160719266977,DISTANCE,969cf9f1df111952113d2f603d6bf96be913c6e095ceff98168739eb25af06ed,3.58,13.4,0,성공,2026-08-30T16:30:50+09:00
인천광역시|남동구,인천광역시,남동구,37.43087634261272,126.72682094301342,37.43087634261272,126.72682094301342,최신경계기하대표점,20260701,0.0,1,A1400001,의료법인 길의료재단 길병원,37.45208024654252,126.70916173607196,2.826611254348508,DISTANCE,6308bd1cf1cbf61c3f5de8a6609654704b466b5a9fd4c210e28dc7917e9d880b,3.762,12.5,0,성공,2026-08-30T16:29:14+09:00
인천광역시|미추홀구,인천광역시,미추홀구,37.45282035089728,126.66491578784516,37.45282035089728,126.66491578784516,최신경계기하대표점,20260701,0.0,1,A1400016,인천사랑병원,37.4620681991805,126.680345104401,1.7065182340341245,DISTANCE,6e59ee5bfbf90509b48e2e7f37b93834e90f14ba75f3ff4b665321d893729648,2.182,7.583333333333333,0,성공,2026-08-30T16:29:14+09:00
인천광역시|부평구,인천광역시,부평구,37.49664370042857,126.72123608768868,37.49664370042857,126.72123608768868,최신경계기하대표점,20260701,0.0,1,A1400013,안은의료재단 부평세림병원,37.50684250997099,126.71994675790395,1.139745175085481,DISTANCE,1add891d1e4d69bddeef56caeb352af796c7066dbe60e96d8638d017cc509d41,1.508,5.066666666666666,0,성공,2026-08-30T16:29:14+09:00
인천광역시|서해구,인천광역시,서해구,37.530412263267785,126.65288075384171,37.530412263267785,126.65288075384171,최신경계기하대표점,20260701,0.0,1,A1400015,가톨릭관동대학교국제성모병원,37.54237265391807,126.6836048687878,3.017905226498835,DISTANCE,4e30affa1b12ea34abf38080366376596cfb372c5d4f4fa8be98a918ae49e88d,4.182,12.616666666666667,0,성공,2026-08-30T16:29:14+09:00
인천광역시|연수구,인천광역시,연수구,37.39058594984175,126.64998037054042,37.39058594984175,126.64998037054042,최신경계기하대표점,20260701,0.0,1,A1400011,의료법인 나사렛의료재단 나사렛국제병원,37.4079911136402,126.67046935782248,2.649794876222509,DISTANCE,8817994b1087d4163d24b3118866711c0d6b46a5ed8a8ebaa81fbf1cb05b3166,3.958,10.75,0,성공,2026-08-30T16:29:14+09:00
인천광역시|영종구,인천광역시,영종구,37.46905478608139,126.4646552033501,37.46905478608139,126.4646552033501,최신경계기하대표점,20260701,0.0,5,A1400015,가톨릭관동대학교국제성모병원,37.54237265391807,126.6836048687878,20.963739176578144,DISTANCE,6e071b351d22ae326cc236aec6d3adb15878525229b6433e376d5f6f5c61e7f1,25.605,37.2,0,성공,2026-08-30T16:30:53+09:00
인천광역시|옹진군,인천광역시,옹진군,37.95318994889063,124.67426443478864,37.95318994889063,124.67426443478864,최신경계기하대표점,20260701,0.0,3,A1400002,인하대학교의과대학부속병원,37.4584235016321,126.631868269228,180.78623513002844,DISTANCE,e51004302e4682a8ec059d9f136cd1048ba6beebcbcee0fb7c1d3b74747b6423,232.112,243.03333333333333,0,성공,2026-08-30T16:30:54+09:00
인천광역시|제물포구,인천광역시,제물포구,37.46570454264794,126.62336888862924,37.46570454264794,126.62336888862924,최신경계기하대표점,20260701,0.0,1,A1400002,인하대학교의과대학부속병원,37.4584235016321,126.631868269228,1.1037347611657553,DISTANCE,0b71cc4a3eac7575ab824fe3ac8dc5942df76cff113bae82265b8e01f4b768ff,3.463,10.833333333333334,0,성공,2026-08-30T16:29:14+09:00
전남광주통합특별시|강진군,전남광주통합특별시,강진군,34.61987701207364,126.772231461416,34.61987701207364,126.772231461416,최신경계기하대표점,20260701,0.0,1,A2600011,목포한국병원,34.8092145829474,126.4163391650001,38.74788387784561,DISTANCE,f58b549f0d98f3801089046798677047aea0f9340ad7e24f564c7ca53e59e274,45.323,52.91666666666666,0,성공,2026-08-30T16:29:14+09:00
전남광주통합특별시|고흥군,전남광주통합특별시,고흥군,34.597353567294846,127.31603017052166,34.597353567294846,127.31603017052166,최신경계기하대표점,20260701,0.0,1,A2600014,여천전남병원,34.76918041182927,127.65404273510528,36.33558946091455,DISTANCE,bd4252aa298579c17eecb2f6f86de1768a15ffe74b19f7d145ec13e01e97d861,53.748,76.53333333333333,0,성공,2026-08-30T16:29:14+09:00
전남광주통합특별시|곡성군,전남광주통합특별시,곡성군,35.216658957339355,127.26366455834425,35.22564206908927,127.26366455834425,최신경계기하대표점:도로탐색보정,20260701,0.9988764520714528,1,A2500004,전북특별자치도남원의료원,35.43189945917936,127.40719103150715,26.373006249914383,DISTANCE,e3d4547b5bf1d86f96f9f16ca0b8698107c136d6a48ef34a970e1a72611fbffa,30.393,46.15,0,성공,2026-08-30T16:29:15+09:00
전남광주통합특별시|광산구,전남광주통합특별시,광산구,35.16501887953593,126.7528274457847,35.17400199128584,126.7528274457847,최신경계기하대표점:도로탐색보정,20260701,0.9988764520714528,1,A1500019,KS병원,35.197963178976366,126.83322475289852,7.77699009808645,DISTANCE,e01268b64e576decd2c4838ea850f33c70b90a3ccfad6b10c61e0f210e58c570,11.41,22.85,0,성공,2026-08-30T16:29:15+09:00
전남광주통합특별시|광양시,전남광주통합특별시,광양시,35.01931015498559,127.65627718145944,35.01931015498559,127.65627718145944,최신경계기하대표점,20260701,0.0,1,A2600019,성가롤로병원,34.9634252378637,127.542308899549,12.099599756550916,DISTANCE,86825ade0d2b1870d8f06805994c193ed40eef82dbefff8c1bffc7c5e0661037,20.947,33.68333333333333,0,성공,2026-08-30T16:29:14+09:00
전남광주통합특별시|구례군,전남광주통합특별시,구례군,35.23697753065534,127.50320448240964,35.24596064240525,127.492206181861,최신경계기하대표점:도로탐색보정,20260701,1.4125855093988726,1,A2500004,전북특별자치도남원의료원,35.43189945917936,127.40719103150715,22.06672980759462,DISTANCE,67638a5302b2042a36d152d92d906416ca6e8b21fc747220c6cd35eebdf03964,28.773,36.333333333333336,0,성공,2026-08-30T16:29:15+09:00
전남광주통합특별시|나주시,전남광주통합특별시,나주시,34.98821073314027,126.7196779673218,34.98821073314027,126.7196779673218,최신경계기하대표점,20260701,0.0,1,A1500020,서광병원,35.132568331498724,126.85552710578938,20.261990600615068,DISTANCE,2adf791602960527aa15b229d34c894c0d167a46aa146ac83dbbee3c52a78b4c,26.264,54.16666666666666,0,성공,2026-08-30T16:29:15+09:00
전남광주통합특별시|남구,전남광주통합특별시,남구,35.09415402766022,126.85703724384388,35.09415402766022,126.85703724384388,최신경계기하대표점,20260701,0.0,1,A1500020,서광병원,35.132568331498724,126.85552710578938,4.273683733763328,DISTANCE,21ae75fe8831d88a3b7fec4ccc4ad81132e0e558fbfcc4f0863b36781b7f28f9,5.814,18.016666666666666,0,성공,2026-08-30T16:29:15+09:00
전남광주통합특별시|담양군,전남광주통합특별시,담양군,35.291528442374684,126.99540814743276,35.291528442374684,126.99540814743276,최신경계기하대표점,20260701,0.0,1,A1500011,첨단종합병원,35.22113373578457,126.84530205666944,15.717323417998172,DISTANCE,ff1e72e3f7f041f31ea82ec7448282b66e0eda0b2d538205e5c0dae0ded750d5,19.779,33.86666666666667,0,성공,2026-08-30T16:29:15+09:00
전남광주통합특별시|동구,전남광주통합특별시,동구,35.117443447436806,126.94885657625464,35.117443447436806,126.94885657625464,최신경계기하대표점,20260701,0.0,1,A1500001,조선대학교병원,35.13854706991291,126.92683853357782,3.084824944527946,DISTANCE,df126371166b86f1de17c54b66a0d82b344bc21bfed011349c6709bdef60fb9b,3.681,10.316666666666666,0,성공,2026-08-30T16:29:15+09:00
전남광주통합특별시|목포시,전남광주통합특별시,목포시,34.80318543989095,126.38904056593,34.80318543989095,126.38904056593,최신경계기하대표점,20260701,0.0,1,A2600011,목포한국병원,34.8092145829474,126.4163391650001,2.580973013450018,DISTANCE,e73b163bfbfc5eb8f423dfdb8876ce1f658777c528778197dbbbe08b40e210c2,3.036,8.05,0,성공,2026-08-30T16:29:15+09:00
전남광주통합특별시|무안군,전남광주통합특별시,무안군,34.956767816671004,126.42267240794835,34.956767816671004,126.42267240794835,최신경계기하대표점,20260701,0.0,1,A2600017,의료법인목포구암의료재단목포중앙병원,34.8208073192579,126.421380872161,15.118576475599582,DISTANCE,0da50876739b657b55b9e6ccddf3260561e4a94dd75e62d9e8fc4aa2c561d298,19.912,33.93333333333333,0,성공,2026-08-30T16:29:15+09:00
전남광주통합특별시|보성군,전남광주통합특별시,보성군,34.81456664737201,127.1622259021703,34.81456664737201,127.1622259021703,최신경계기하대표점,20260701,0.0,1,A2600001,화순전남대학교병원,35.0586707410237,127.002108292339,30.818552232501425,DISTANCE,eee3c1147890c4b8f6af5020f0856002bcc81965a8bb2bc4827af84e8f7dee69,47.895,44.96666666666667,0,성공,2026-08-30T16:29:15+09:00
전남광주통합특별시|북구,전남광주통합특별시,북구,35.19290309968029,126.92602659653792,35.19290309968029,126.92602659653792,최신경계기하대표점,20260701,0.0,1,A1500002,전남대학교병원,35.141852541291165,126.92158688926376,5.6908903229094925,DISTANCE,0e5798a2cd62741b8e7107ecea460bd02732e7846a7092cef51ac13f066dd19c,6.827,25.03333333333333,0,성공,2026-08-30T16:29:15+09:00
전남광주통합특별시|서구,전남광주통합특별시,서구,35.13564448055729,126.85072152317328,35.13564448055729,126.85072152317328,최신경계기하대표점,20260701,0.0,1,A1500020,서광병원,35.132568331498724,126.85552710578938,0.5549497089576987,DISTANCE,d669fb32432a64a7b7437fa381f7d4ca9c8e912999b4f33b729336d0f559c34d,0.781,3.583333333333333,0,성공,2026-08-30T16:29:17+09:00
전남광주통합특별시|순천시,전남광주통합특별시,순천시,34.99469571642701,127.38940089352648,34.99469571642701,127.40036653729696,최신경계기하대표점:도로탐색보정,20260701,0.9988764515687446,1,A2600019,성가롤로병원,34.9634252378637,127.542308899549,13.391499802411776,DISTANCE,0cdab6973e94deea00c5ebe809f0a4221160cafe05175b0f2739a64af8faf550,22.302,30.516666666666666,0,성공,2026-08-30T16:29:16+09:00
전남광주통합특별시|신안군,전남광주통합특별시,신안군,34.73060863726038,126.125252810407,34.73060863726038,126.125252810407,최신경계기하대표점,20260701,0.0,2,A2600017,의료법인목포구암의료재단목포중앙병원,34.8208073192579,126.421380872161,28.8464471157957,DISTANCE,8b1719f089bf829e30b0d3f400c49f1cb611f53c8cb80b5489d68a6de5e5931e,48.094,66.0,0,성공,2026-08-30T16:31:06+09:00
전남광주통합특별시|여수시,전남광주통합특별시,여수시,34.77949665005135,127.64307095410724,34.77949665005135,127.64307095410724,최신경계기하대표점,20260701,0.0,1,A2600014,여천전남병원,34.76918041182927,127.65404273510528,1.5231912449912577,DISTANCE,3024faf824b1fbb88fb66f2d17356baffd83b100eb94afcbeb551ff10184df03,1.983,5.2,0,성공,2026-08-30T16:29:16+09:00
전남광주통합특별시|영광군,전남광주통합특별시,영광군,35.276648809133235,126.44638390990772,35.276648809133235,126.44638390990772,최신경계기하대표점,20260701,0.0,3,A1500020,서광병원,35.132568331498724,126.85552710578938,40.47896387493038,DISTANCE,d68999b74970b73c758c1e8714889c67261de87585bc36114ca1208e2da26efa,47.451,60.55,0,성공,2026-08-30T16:31:08+09:00
전남광주통합특별시|영암군,전남광주통합특별시,영암군,34.79887955726693,126.6282366995961,34.79887955726693,126.6282366995961,최신경계기하대표점,20260701,0.0,2,A2600011,목포한국병원,34.8092145829474,126.4163391650001,19.38100846092436,DISTANCE,344e471d7f103e4824c016921ed92f21f615413c89edfdcfca10d4189df2fbe3,33.495,53.95,0,성공,2026-08-30T16:31:09+09:00
전남광주통합특별시|완도군,전남광주통합특별시,완도군,34.34503626497358,126.69803955801258,34.35401937672349,126.70891953907858,최신경계기하대표점:도로탐색보정,20260701,1.412586787565203,1,A2600011,목포한국병원,34.8092145829474,126.4163391650001,57.265750399095964,DISTANCE,56da27dfa0ca61701af046927a759a9c87a1274c79eab5ec2efb8bb293e49473,78.155,89.91666666666667,0,성공,2026-08-30T16:29:16+09:00
전남광주통합특별시|장성군,전남광주통합특별시,장성군,35.32947424796789,126.76870782906538,35.32947424796789,126.76870782906538,최신경계기하대표점,20260701,0.0,1,A1500011,첨단종합병원,35.22113373578457,126.84530205666944,13.909470622593714,DISTANCE,5c76e3208b985951b9c8e4c5d1b8741558b9e90dfbde1dbe3b5333a1a0d7d89a,17.26,30.55,0,성공,2026-08-30T16:29:16+09:00
전남광주통합특별시|장흥군,전남광주통합특별시,장흥군,34.6763681149465,126.92189635530464,34.6763681149465,126.92189635530464,최신경계기하대표점,20260701,0.0,1,A2600001,화순전남대학교병원,35.0586707410237,127.002108292339,43.13538777347922,DISTANCE,96f9dbad4ff04aacc439e5d62808dfea3da2463e2355f2665b4bcd620fbd5480,56.016,65.53333333333333,0,성공,2026-08-30T16:29:16+09:00
전남광주통합특별시|진도군,전남광주통합특별시,진도군,34.43369527208744,126.20795445806536,34.43369527208744,126.20795445806536,최신경계기하대표점,20260701,0.0,1,A2600011,목포한국병원,34.8092145829474,126.4163391650001,45.90364310181987,DISTANCE,d06b24c7596241382166eaab6ced909f1e0f4e30c9f8ab6177bfe838fbb96576,58.868,73.31666666666666,0,성공,2026-08-30T16:29:16+09:00
전남광주통합특별시|함평군,전남광주통합특별시,함평군,35.11270547382962,126.53511527298316,35.11270547382962,126.53511527298316,최신경계기하대표점,20260701,0.0,4,A2600017,의료법인목포구암의료재단목포중앙병원,34.8208073192579,126.421380872161,34.072019247126676,DISTANCE,c8dfd870d8a2f8cf0e303700476ff2a201f4cdc01c39f47cb1ef3997c0d1a2aa,39.481,57.6,0,성공,2026-08-30T16:31:13+09:00
전남광주통합특별시|해남군,전남광주통합특별시,해남군,34.55325592263084,126.51463573996044,34.55325592263084,126.51463573996044,최신경계기하대표점,20260701,0.0,1,A2600011,목포한국병원,34.8092145829474,126.4163391650001,29.846811216945103,DISTANCE,5670da1ce5d4584be5b576019821ada237e256e8c246488b1d34c11c7c49ac84,39.869,64.16666666666667,0,성공,2026-08-30T16:29:17+09:00
전남광주통합특별시|화순군,전남광주통합특별시,화순군,35.00831927959416,127.03337264531828,35.00831927959416,127.03337264531828,최신경계기하대표점,20260701,0.0,1,A2600001,화순전남대학교병원,35.0586707410237,127.002108292339,6.280907054842064,DISTANCE,935feb0a89fe2432822b54de8aec12483924b310fd923fa767a732679a8bf2df,8.016,17.783333333333335,0,성공,2026-08-30T16:29:17+09:00
전북특별자치도|고창군,전북특별자치도,고창군,35.448414306666486,126.61575286896912,35.448414306666486,126.61575286896912,최신경계기하대표점,20260701,0.0,1,A2500008,재단법인 아산사회복지재단 정읍아산병원,35.58899495218047,126.82346011194952,24.4486218539214,DISTANCE,91e6add99979d91fc4b3c3068ad8cb65ef1ec7703c9b1b7832302d3f42c78afa,30.79,37.23333333333333,0,성공,2026-08-30T16:29:17+09:00
전북특별자치도|군산시,전북특별자치도,군산시,35.95435693768317,126.72162099141528,35.95435693768317,126.72162099141528,최신경계기하대표점,20260701,0.0,1,A2500007,전북특별자치도군산의료원,35.95497072788432,126.71189936455204,0.8777038916445791,DISTANCE,fd03e912883abe666bc85239a2b8e91cc26745aeebae88698928be2c33f87fa2,0.96,3.633333333333333,0,성공,2026-08-30T16:29:17+09:00
전북특별자치도|김제시,전북특별자치도,김제시,35.80373180276405,126.9070524319474,35.80373180276405,126.9070524319474,최신경계기하대표점,20260701,0.0,3,A2500005,의료법인영경의료재단전주병원,35.81502660230338,127.1247991889436,19.67555057664155,DISTANCE,e4bd94916cbbf11168d2f51d62e8b4afb3729215c196845e4c571c9db72786e3,21.377,34.78333333333333,0,성공,2026-08-30T16:31:16+09:00
전북특별자치도|남원시,전북특별자치도,남원시,35.42238280868051,127.44155190203332,35.42238280868051,127.44155190203332,최신경계기하대표점,20260701,0.0,1,A2500004,전북특별자치도남원의료원,35.43189945917936,127.40719103150715,3.2882775888141667,DISTANCE,317663ad758ae7debac6b86334976d75b4039a888b832a7c69dc3bed81135694,5.052,9.05,0,성공,2026-08-30T16:29:17+09:00
전북특별자치도|무주군,전북특별자치도,무주군,35.93929473135944,127.71286356072105,35.93929473135944,127.71286356072105,최신경계기하대표점,20260701,0.0,3,A1600005,학교법인가톨릭학원가톨릭대학교대전성모병원,36.32302490017959,127.42027313317438,50.11100983341237,DISTANCE,894c3d39622445ca230ae8cd3b9b8a5f40f2b12931c79ab0e571d66e2965c029,63.695,67.35,0,성공,2026-08-30T16:31:17+09:00
전북특별자치도|부안군,전북특별자치도,부안군,35.676632925188734,126.64022885538704,35.676632925188734,126.64022885538704,최신경계기하대표점,20260701,0.0,1,A2500008,재단법인 아산사회복지재단 정읍아산병원,35.58899495218047,126.82346011194952,19.214168871306917,DISTANCE,f16b2c05afc8b6fbf74803b488081aacba0e297488411d6bed268199677720c0,30.034,44.833333333333336,0,성공,2026-08-30T16:29:17+09:00
전북특별자치도|순창군,전북특별자치도,순창군,35.43360055717905,127.08980881980182,35.43360055717905,127.08980881980182,최신경계기하대표점,20260701,0.0,1,A2500004,전북특별자치도남원의료원,35.43189945917936,127.40719103150715,28.755832459865136,DISTANCE,64853eb555ed141c9319586fd9a81ba8f8ce7bade583061bd201da261989bd31,39.125,40.23333333333333,0,성공,2026-08-30T16:29:17+09:00
전북특별자치도|익산시,전북특별자치도,익산시,36.02323758765713,126.98939049537069,36.02323758765713,126.98939049537069,최신경계기하대표점,20260701,0.0,1,A2500001,원광대학교병원,35.9642419612473,126.959306346821,7.096418645361641,DISTANCE,afb43a7ca369625929a899edeb02482b3a70a81f584c6162623807979e0801d3,10.21,16.366666666666667,0,성공,2026-08-30T16:29:17+09:00
전북특별자치도|임실군,전북특별자치도,임실군,35.59774056008932,127.23609952428323,35.59774056008932,127.23609952428323,최신경계기하대표점,20260701,0.0,2,A2500006,재단법인예수병원유지재단예수병원,35.81440117465108,127.13325187439274,25.819374710048827,DISTANCE,472403a33c0594945125bf911e916edafc7e244905aa1664b4645f4fc344cf6d,35.704,52.1,0,성공,2026-08-30T16:31:20+09:00
전북특별자치도|장수군,전북특별자치도,장수군,35.65717563419401,127.54414152835535,35.65717563419401,127.54414152835535,최신경계기하대표점,20260701,0.0,1,A2500004,전북특별자치도남원의료원,35.43189945917936,127.40719103150715,27.946523844253587,DISTANCE,a19361e91e98238ce73469bdc02a32a5bb7c3179aaf9680071b94693af018634,38.803,51.583333333333336,0,성공,2026-08-30T16:29:17+09:00
전북특별자치도|전주시,전북특별자치도,전주시,35.82819605889124,127.11592606465516,35.82819605889124,127.11592606465516,최신경계기하대표점,20260701,0.0,1,A2500005,의료법인영경의료재단전주병원,35.81502660230338,127.1247991889436,1.6686593440614312,DISTANCE,6aa151b148738f6114e06b515f07e45871248e4a1ed24291960889788e729a43,2.248,7.166666666666667,0,성공,2026-08-30T16:29:17+09:00
전북특별자치도|정읍시,전북특별자치도,정읍시,35.60293686413764,126.90500162122972,35.60293686413764,126.90500162122972,최신경계기하대표점,20260701,0.0,1,A2500008,재단법인 아산사회복지재단 정읍아산병원,35.58899495218047,126.82346011194952,7.53398252216583,DISTANCE,42b52bfd067a0d795f4764a2b7b6d2ff6779b818530b1c8f4253e00b429197d7,9.593,18.716666666666665,0,성공,2026-08-30T16:29:17+09:00
전북특별자치도|진안군,전북특별자치도,진안군,35.828807345791816,127.43007381801245,35.828807345791816,127.44115355218416,최신경계기하대표점:도로탐색보정,20260701,0.9988764515361188,1,A2500056,대자인병원,35.84599245880299,127.153316348062,26.01697317135964,DISTANCE,a0ce96cff5884bb465a350810becc4f42b852c2280e179699a9679c76fec070c,37.175,46.03333333333333,0,성공,2026-08-30T16:29:17+09:00
제주특별자치도|서귀포시,제주특별자치도,서귀포시,33.323932321107215,126.58101176091552,33.323932321107215,126.5917625372038,최신경계기하대표점:도로탐색보정,20260701,0.9988764516293328,1,A2900002,제주특별자치도서귀포의료원,33.255354935811724,126.5642013167026,8.044270896748445,DISTANCE,651964d34263a0cb8213d5bc56af8e7d3334496242d6423a92f44bc5bc9f8c0e,10.037,21.816666666666663,0,성공,2026-08-30T16:29:17+09:00
제주특별자치도|제주시,제주특별자치도,제주시,33.443240651937806,126.53029251746374,33.443240651937806,126.53029251746374,최신경계기하대표점,20260701,0.0,1,A2900007,제주대학교병원,33.46727330825531,126.54525733713078,3.0114199748191615,DISTANCE,c2de56f7f1e2bfa6addbee33a2e97524e3f27be7a8464f228eaa916e7b63a17a,4.692,14.55,0,성공,2026-08-30T16:29:17+09:00
충청남도|공주시,충청남도,공주시,36.47982737486864,127.07527306172727,36.47982737486864,127.07527306172727,최신경계기하대표점,20260701,0.0,1,A1800441,세종충남대학교병원,36.5195133641377,127.257942661368,16.913768192234368,DISTANCE,7e6fff9644a2216f5af0d2f0d4be2bab6ace89050ec6876ed1a260825d4c8a94,20.992,39.56666666666667,0,성공,2026-08-30T16:29:18+09:00
충청남도|금산군,충청남도,금산군,36.119309816783975,127.4782976000846,36.119309816783975,127.4782976000846,최신경계기하대표점,20260701,0.0,2,A1600005,학교법인가톨릭학원가톨릭대학교대전성모병원,36.32302490017959,127.42027313317438,23.24242044702485,DISTANCE,bd8a1f1dc31377d127f24a09e3b0356ec7885c8dad26bab8bba2398f571cfdce,29.754,42.06666666666667,0,성공,2026-08-30T16:31:25+09:00
충청남도|논산시,충청남도,논산시,36.19091981079725,127.15798349771865,36.19091981079725,127.15798349771865,최신경계기하대표점,20260701,0.0,1,A2400009,의료법인백제병원,36.19250243074026,127.09436976296004,5.7113695978865495,DISTANCE,bfe06cedbbaae05979c77d0d906ba3c2e6750c8ad00f6b5f5afa37b364cc7475,7.044,20.1,0,성공,2026-08-30T16:29:17+09:00
충청남도|당진시,충청남도,당진시,36.90453157783038,126.6516738136944,36.90453157783038,126.6516738136944,최신경계기하대표점,20260701,0.0,1,A2400008,당진종합병원,36.90439755063778,126.68435813411776,2.9061865894875663,DISTANCE,82b85e964f67032b03f2ee27b4084385154c4050062ce4bf7fc85232b6de2d28,3.99,7.2,0,성공,2026-08-30T16:29:18+09:00
충청남도|보령시,충청남도,보령시,36.345925251056286,126.58836337179508,36.345925251056286,126.58836337179508,최신경계기하대표점,20260701,0.0,1,A2400011,재단법인아산사회복지재단보령아산병원,36.38113998244595,126.62282846665184,4.985636337894701,DISTANCE,1339307417c977f14e53d14c412b8021fd2640af838af6631ec188c7106eb062,5.565,13.7,0,성공,2026-08-30T16:29:18+09:00
충청남도|부여군,충청남도,부여군,36.246336781411806,126.85700440711534,36.246336781411806,126.85700440711534,최신경계기하대표점,20260701,0.0,1,A2400009,의료법인백제병원,36.19250243074026,127.09436976296004,22.118896630073802,DISTANCE,bc8e0a3c3cf97925919c14568d4e0a4c08f0c38a21df5e98388d27db76852962,27.416,33.43333333333333,0,성공,2026-08-30T16:29:18+09:00
충청남도|서산시,충청남도,서산시,36.79087387923386,126.46185606257907,36.79087387923386,126.46185606257907,최신경계기하대표점,20260701,0.0,1,A2400006,충청남도서산의료원,36.77556877677842,126.46515725738564,1.7270567077560406,DISTANCE,a17295340184a1b60920a4ebfa391ab6c6c79bd6bacfc3198ce7b05cdc921509,2.15,7.3,0,성공,2026-08-30T16:29:18+09:00
충청남도|서천군,충청남도,서천군,36.10648210432934,126.70378641428154,36.10648210432934,126.70378641428154,최신경계기하대표점,20260701,0.0,1,A2500012,의료법인오성의료재단동군산병원,35.97740074466571,126.73719225835914,14.664085133955611,DISTANCE,0bf5f7a7234efbcbcfbe0d796965c7563d7e141872f97dcc69db3bd08a230562,17.929,26.316666666666663,0,성공,2026-08-30T16:29:18+09:00
충청남도|아산시,충청남도,아산시,36.8070532730974,126.98053395280763,36.8070532730974,126.98053395280763,최신경계기하대표점,20260701,0.0,1,A2402257,아산충무병원,36.77929250489765,127.0199488549524,4.674048834270946,DISTANCE,58e1445f668838f22d18c3b3ba68f618e471c9ecdb4a37c717ffd6cd0a00161d,5.676,12.833333333333334,0,성공,2026-08-30T16:29:18+09:00
충청남도|예산군,충청남도,예산군,36.67048663218576,126.78414886181554,36.67048663218576,126.78414886181554,최신경계기하대표점,20260701,0.0,1,A2400007,충청남도홍성의료원,36.59933992060475,126.67440672396911,12.58859486914788,DISTANCE,bc873e58e9488d1bf44cab3c4ae1421c32e341c664a03d992996af72fff67849,38.74,48.48333333333333,0,성공,2026-08-30T16:29:18+09:00
충청남도|천안시,충청남도,천안시,36.80423815253021,127.20246806012484,36.80423815253021,127.20246806012484,최신경계기하대표점,20260701,0.0,2,A2400001,학교법인동은학원순천향대학교부속천안병원,36.8023584971179,127.135666806479,5.9512160588339595,DISTANCE,8a5d527a8909d55035485028d8cdf8d20f0184dac60861704ba1b0d72d0a668f,8.537,19.83333333333333,0,성공,2026-08-30T16:31:33+09:00
충청남도|청양군,충청남도,청양군,36.43055874962821,126.85314771238438,36.43055874962821,126.85314771238438,최신경계기하대표점,20260701,0.0,1,A2400011,재단법인아산사회복지재단보령아산병원,36.38113998244595,126.62282846665184,21.331958374756198,DISTANCE,54e4bbf0b88fb2bd72fc7562996fab9dbe3b77e45f15a59c783f6bcb22dfdc61,28.181,37.88333333333333,0,성공,2026-08-30T16:29:18+09:00
충청남도|태안군,충청남도,태안군,36.69776268531587,126.2824796920418,36.69776268531587,126.2824796920418,최신경계기하대표점,20260701,0.0,1,A2400006,충청남도서산의료원,36.77556877677842,126.46515725738564,18.434803047593793,DISTANCE,1eed69d06bf02c1b1f4ea7feaf2563c17ccc8e9776cb980751c0d946b1cf2ae9,24.661,28.066666666666663,0,성공,2026-08-30T16:29:18+09:00
충청남도|홍성군,충청남도,홍성군,36.56960393389968,126.62286230260372,36.56960393389968,126.62286230260372,최신경계기하대표점,20260701,0.0,1,A2400007,충청남도홍성의료원,36.59933992060475,126.67440672396911,5.666890462168894,DISTANCE,715840e05272d770254d02f4c3d5bf6dbe633e708571272d6c96fa647629c32d,11.189,23.3,0,성공,2026-08-30T16:29:18+09:00
충청북도|괴산군,충청북도,괴산군,36.76948874015751,127.8296409199162,36.76948874015751,127.8296409199162,최신경계기하대표점,20260701,0.0,1,A2300010,건국대학교충주병원,36.97897509717851,127.92863660615964,24.902673219210744,DISTANCE,f9be707e93bddf4a70bee983f09a519b8170b299b37389d30b2f37f33e3ac69f,34.077,46.45,0,성공,2026-08-30T16:29:18+09:00
충청북도|단양군,충청북도,단양군,36.99431853875892,128.38797874492093,36.99431853875892,128.38797874492093,최신경계기하대표점,20260701,0.0,1,A2300005,의료법인자산의료재단제천서울병원,37.13857101389598,128.20613928597675,22.75063358440807,DISTANCE,48066f3ebcdd666afbfe9d833a0d5d4436db6de55c5e4a404a6cc7902c8392fc,28.113,41.06666666666667,0,성공,2026-08-30T16:29:18+09:00
충청북도|보은군,충청북도,보은군,36.49002787352619,127.7295031871584,36.49002787352619,127.7295031871584,최신경계기하대표점,20260701,0.0,1,A2300007,의료법인인화재단한국병원,36.61950588971749,127.49659485930336,25.299737683483453,DISTANCE,c34ab2512fb97a5becf52b994acc84e552af0d003f49732badc2ca8333580442,36.261,50.85,0,성공,2026-08-30T16:29:18+09:00
충청북도|영동군,충청북도,영동군,36.15952916223538,127.81432777853396,36.15952916223538,127.81432777853396,최신경계기하대표점,20260701,0.0,1,A2700012,의료법인덕산의료재단김천제일병원,36.13534199566352,128.11882383545816,27.47268425880246,DISTANCE,0a4ab028c50a7e533089b90d6f7441328d3a309ef89ebcb1e4f22dbe2b1a8353,38.576,38.48333333333333,0,성공,2026-08-30T16:29:18+09:00
충청북도|옥천군,충청북도,옥천군,36.32059072203812,127.6566754586296,36.32059072203812,127.66782469434526,최신경계기하대표점:도로탐색보정,20260701,0.9988764515170658,1,A1600005,학교법인가톨릭학원가톨릭대학교대전성모병원,36.32302490017959,127.42027313317438,22.179808239887414,DISTANCE,2ece3ed92f4c4910bc1277b294ba175b60d19b607d341985be0d4cbcde25499d,39.832,65.55,0,성공,2026-08-30T16:29:18+09:00
충청북도|음성군,충청북도,음성군,36.97597379855888,127.61440336793832,36.97597379855888,127.61440336793832,최신경계기하대표점,20260701,0.0,1,A2300013,의료법인 건명의료재단 중앙제일병원,36.85848747628605,127.44050791116804,20.240038700914045,DISTANCE,090f1862cade98194a124ef2223a94c49662f022d9e889ef31a5343b39c5a905,25.134,30.4,0,성공,2026-08-30T16:29:18+09:00
충청북도|제천시,충청북도,제천시,37.060056747274125,128.1409781070906,37.060056747274125,128.1409781070906,최신경계기하대표점,20260701,0.0,1,A2300005,의료법인자산의료재단제천서울병원,37.13857101389598,128.20613928597675,10.469801279733984,DISTANCE,4781d1c198e5087bfc04ef1f4937512e676aa87f36a09094e787eeacb0164c2d,16.477,28.83333333333333,0,성공,2026-08-30T16:29:18+09:00
충청북도|진천군,충청북도,진천군,36.87082845574929,127.44046061024083,36.87082845574929,127.44046061024083,최신경계기하대표점,20260701,0.0,1,A2300013,의료법인 건명의료재단 중앙제일병원,36.85848747628605,127.44050791116804,1.3722607579702382,DISTANCE,0e36df8fe7f0fb2360e37ab2fc15485a9b839f78e6c9e9f49c37b8bdbcd78fe9,1.679,4.533333333333333,0,성공,2026-08-30T16:29:18+09:00
충청북도|청주시,충청북도,청주시,36.62732640032589,127.49881754447031,36.62732640032589,127.49881754447031,최신경계기하대표점,20260701,0.0,1,A2300003,의료법인정산의료재단효성병원,36.62455637262831,127.49558522201268,0.42198976298877827,DISTANCE,d29f92a154dbd91ec0a2ab5ab81949b4031e355e356909e6552576646ba25e46,0.643,2.4,0,성공,2026-08-30T16:29:19+09:00
충청북도|충주시,충청북도,충주시,37.01529952823932,127.89566564923646,37.01529952823932,127.90691598796704,최신경계기하대표점:도로탐색보정,20260701,0.9988764514888196,1,A2300010,건국대학교충주병원,36.97897509717851,127.92863660615964,4.476062473032134,DISTANCE,d0b8b81656d0b0b7594e3ae69233cbf93770c93393a4c10c57b321d00be4a95c,9.693,14.633333333333333,0,성공,2026-08-30T16:29:19+09:00
