시도,시군구,인구,행정코드
서울특별시,동대문구,338735.0,11230
서울특별시,광진구,331963.0,11215
서울특별시,동작구,375799.0,11590
서울특별시,용산구,203854.0,11170
서울특별시,양천구,430976.0,11470
서울특별시,종로구,138336.0,11110
서울특별시,서대문구,302853.0,11410
서울특별시,성북구,421560.0,11290
서울특별시,송파구,650110.0,11710
서울특별시,강남구,557345.0,11680
서울특별시,영등포구,373773.0,11560
서울특별시,서초구,408376.0,11650
서울특별시,성동구,273669.0,11200
서울특별시,구로구,388169.0,11530
서울특별시,노원구,491247.0,11350
서울특별시,도봉구,303228.0,11320
서울특별시,은평구,460919.0,11380
서울특별시,강동구,476942.0,11740
서울특별시,강북구,283597.0,11305
서울특별시,중랑구,379274.0,11260
서울특별시,강서구,556171.0,11500
서울특별시,관악구,477812.0,11620
서울특별시,금천구,225159.0,11545
서울특별시,중구,120544.0,11140
서울특별시,마포구,361417.0,11440
부산광역시,부산진구,359281.0,26230
부산광역시,서구,103188.0,26140
부산광역시,사상구,198635.0,26530
부산광역시,북구,267692.0,26320
부산광역시,수영구,171918.0,26500
부산광역시,동래구,274370.0,26260
부산광역시,영도구,103737.0,26200
부산광역시,남구,254498.0,26290
부산광역시,기장군,175626.0,26710
부산광역시,동구,85911.0,26170
부산광역시,해운대구,376404.0,26350
부산광역시,중구,37537.0,26110
부산광역시,연제구,212589.0,26470
부산광역시,금정구,209932.0,26410
부산광역시,사하구,292491.0,26380
대구광역시,남구,136263.0,27200
대구광역시,중구,97711.0,27110
대구광역시,달서구,522021.0,27290
대구광역시,북구,413010.0,27230
대구광역시,서구,163135.0,27170
대구광역시,동구,342339.0,27140
대구광역시,수성구,409107.0,27260
대구광역시,달성군,257580.0,27710
인천광역시,남동구,486225.0,28200
인천광역시,제물포구,,
인천광역시,서해구,,
인천광역시,미추홀구,412274.0,28177
인천광역시,검단구,,
인천광역시,연수구,400213.0,28185
인천광역시,부평구,493200.0,28237
인천광역시,계양구,280227.0,28245
인천광역시,옹진군,19996.0,28720
인천광역시,강화군,69402.0,28710
인천광역시,영종구,,
전남광주통합특별시,동구,106203.0,29110
전남광주통합특별시,북구,423961.0,29170
전남광주통합특별시,광산구,391611.0,29200
전남광주통합특별시,남구,207597.0,29155
전남광주통합특별시,서구,279050.0,29140
대전광역시,중구,225008.0,30140
대전광역시,서구,457951.0,30170
대전광역시,동구,218513.0,30110
대전광역시,대덕구,168217.0,30230
대전광역시,유성구,369468.0,30200
울산광역시,울주군,218806.0,31710
울산광역시,중구,207000.0,31110
울산광역시,남구,304885.0,31140
울산광역시,동구,150836.0,31170
울산광역시,북구,216522.0,31200
세종특별자치시,세종시,390685.0,36
경기도,성남시,913009.0,41130
경기도,수원시,1193005.0,41110
경기도,안산시,620579.0,41270
경기도,안양시,556492.0,41170
경기도,부천시,769918.0,41190
경기도,김포시,486853.0,41570
경기도,광명시,278167.0,41210
경기도,시흥시,518132.0,41390
경기도,화성시,968821.0,41590
경기도,용인시,1085864.0,41460
경기도,평택시,598556.0,41220
경기도,오산시,242065.0,41370
경기도,포천시,141463.0,41650
경기도,고양시,1070120.0,41280
경기도,의정부시,461271.0,41150
경기도,파주시,511308.0,41480
경기도,남양주시,732482.0,41360
경기도,구리시,186882.0,41310
경기도,안성시,193949.0,41550
경기도,군포시,255931.0,41410
경기도,양평군,126804.0,41830
경기도,양주시,289005.0,41630
경기도,동두천시,86838.0,41250
경기도,광주시,397605.0,41610
경기도,여주시,114610.0,41670
경기도,이천시,222443.0,41500
경기도,가평군,62527.0,41820
강원특별자치도,원주시,362164.0,51130
강원특별자치도,영월군,36721.0,51750
강원특별자치도,동해시,87675.0,51170
강원특별자치도,태백시,37936.0,51190
강원특별자치도,강릉시,207731.0,51150
강원특별자치도,삼척시,61735.0,51230
강원특별자치도,춘천시,286069.0,51110
강원특별자치도,속초시,80933.0,51210
강원특별자치도,홍천군,66717.0,51720
강원특별자치도,횡성군,46111.0,51730
강원특별자치도,양구군,20621.0,51800
강원특별자치도,정선군,33515.0,51770
강원특별자치도,철원군,40497.0,51780
충청북도,청주시,854537.0,43110
충청북도,충주시,207241.0,43130
충청북도,제천시,128569.0,43150
충청북도,옥천군,48204.0,43730
충청북도,진천군,86537.0,43750
충청북도,음성군,91236.0,43770
충청북도,보은군,30527.0,43720
충청북도,영동군,43551.0,43740
충청북도,괴산군,36252.0,43760
충청남도,천안시,659920.0,44130
충청남도,서산시,174445.0,44210
충청남도,예산군,78772.0,44810
충청남도,홍성군,99198.0,44800
충청남도,당진시,171931.0,44270
충청남도,논산시,108529.0,44230
충청남도,공주시,101285.0,44150
충청남도,보령시,93780.0,44180
충청남도,금산군,49615.0,44710
충청남도,부여군,59550.0,44760
충청남도,아산시,355014.0,44200
충청남도,서천군,48204.0,44770
전북특별자치도,익산시,268001.0,52140
전북특별자치도,전주시,635651.0,52110
전북특별자치도,남원시,75647.0,52190
전북특별자치도,군산시,258047.0,52130
전북특별자치도,정읍시,102127.0,52180
전북특별자치도,고창군,50982.0,52790
전북특별자치도,부안군,48066.0,52800
전북특별자치도,김제시,80635.0,52210
전북특별자치도,진안군,24161.0,52720
전남광주통합특별시,화순군,60735.0,46790
전남광주통합특별시,무안군,92687.0,46840
전남광주통합특별시,순천시,276329.0,46150
전남광주통합특별시,광양시,154692.0,46230
전남광주통합특별시,목포시,209890.0,46110
전남광주통합특별시,해남군,63120.0,46820
전남광주통합특별시,여수시,267816.0,46130
전남광주통합특별시,영광군,52098.0,46870
전남광주통합특별시,나주시,116654.0,46170
전남광주통합특별시,고흥군,60190.0,46770
전남광주통합특별시,장흥군,34451.0,46800
전남광주통합특별시,곡성군,26566.0,46720
전남광주통합특별시,완도군,45631.0,46890
전남광주통합특별시,장성군,42026.0,46880
전남광주통합특별시,진도군,28478.0,46900
전남광주통합특별시,강진군,32189.0,46810
전남광주통합특별시,신안군,38173.0,46910
전남광주통합특별시,보성군,37045.0,46780
전남광주통합특별시,담양군,44623.0,46710
전남광주통합특별시,구례군,24025.0,46730
전남광주통합특별시,영암군,51391.0,46830
전남광주통합특별시,함평군,30010.0,46860
경상북도,안동시,153159.0,47170
경상북도,포항시,491581.0,47110
경상북도,경주시,244769.0,47130
경상북도,문경시,67257.0,47280
경상북도,구미시,404820.0,47190
경상북도,상주시,91850.0,47250
경상북도,김천시,135446.0,47150
경상북도,영천시,98143.0,47230
경상북도,경산시,266398.0,47290
경상북도,영주시,98870.0,47210
경상북도,예천군,54609.0,47900
경상북도,영양군,15328.0,47760
경상북도,성주군,41452.0,47840
경상북도,청도군,40582.0,47820
경상북도,울진군,46124.0,47930
경상북도,의성군,48690.0,47730
경상북도,칠곡군,107383.0,47850
경상북도,고령군,30062.0,47830
경상북도,봉화군,28836.0,47920
경상북도,영덕군,33210.0,47770
경상남도,진주시,338785.0,48170
경상남도,창원시,999858.0,48120
경상남도,거제시,232972.0,48310
경상남도,김해시,531676.0,48250
경상남도,양산시,359531.0,48330
경상남도,고성군,48005.0,48820
경상남도,밀양시,100691.0,48270
경상남도,합천군,40225.0,48890
경상남도,창녕군,56085.0,48740
경상남도,사천시,108504.0,48240
경상남도,거창군,59588.0,48880
경상남도,함양군,36131.0,48870
경상남도,의령군,25150.0,48720
경상남도,통영시,118481.0,48220
경상남도,남해군,39832.0,48840
경상남도,함안군,58842.0,48730
경상남도,하동군,40765.0,48850
제주특별자치도,제주시,488348.0,50110
제주특별자치도,서귀포시,182020.0,50130
경기도,연천군,40866.0,41800
강원특별자치도,화천군,22922.0,51790
강원특별자치도,평창군,40396.0,51760
충청북도,단양군,27352.0,43800
충청남도,청양군,29658.0,44790
충청남도,태안군,60133.0,44825
전북특별자치도,무주군,23032.0,52730
전북특별자치도,장수군,20663.0,52740
전북특별자치도,순창군,26822.0,52770
전북특별자치도,임실군,25577.0,52750
경상북도,울릉군,9099.0,47940
경상북도,청송군,23716.0,47750
경상남도,산청군,33259.0,48860
