시군구코드,시도,시군구,기준위도,기준경도,중심점방법,경계버전,원본경계수,출발위도,출발경도,도로보정_km,도로탐색상태,기준점키,수집시각
강원특별자치도|강릉시,강원특별자치도,강릉시,37.70953423566182,128.83207215920189,최신경계기하대표점,20260701,1,37.70953423566182,128.83207215920189,0.0,성공,f8730bb5c4e21158ce74d684be38decb5245a1865cdf5c960cdea3f1991a431f,2026-08-30T16:29:04+09:00
강원특별자치도|동해시,강원특별자치도,동해시,37.50720319368216,129.0559878250828,최신경계기하대표점:도로탐색보정,20260701,1,37.51618630543207,129.0446637680323,1.4125821240882193,성공,f1ec395252a0e9668fc5f7ca9b7e3eea82786c081703566f8c4d040930d23df0,2026-08-30T16:29:04+09:00
강원특별자치도|삼척시,강원특별자치도,삼척시,37.27757566657094,129.1220347582437,최신경계기하대표점:도로탐색보정,20260701,1,37.27757566657094,129.1333241791143,0.9988764514767956,성공,18f5122e692e75736926fc0efa04756067fd53dd83c2a6e57971dc2df947ea0f,2026-08-30T16:29:04+09:00
강원특별자치도|속초시,강원특별자치도,속초시,38.17631725462495,128.52009353294903,최신경계기하대표점:도로탐색보정,20260701,1,38.17631725462495,128.53152079359444,0.99887645143947,성공,288e68354aad19fc626dfd19679fe72cb731ca14cacc45712d96c1dbb6bf9a00,2026-08-30T16:29:04+09:00
강원특별자치도|양구군,강원특별자치도,양구군,38.180731534435886,127.99921617984069,최신경계기하대표점,20260701,1,38.180731534435886,127.99921617984069,0.0,성공,41a8189d1210b29d2a0e178234544773931a6234870ec14eadacb8ed4c3779b6,2026-08-30T16:29:04+09:00
강원특별자치도|영월군,강원특별자치도,영월군,37.20363566224822,128.5012864883804,최신경계기하대표점,20260701,1,37.20363566224822,128.5012864883804,0.0,성공,b61a6136393eb37c1aa18a918537fd20c425ae537c51cedb122b8a47a93356c8,2026-08-30T16:29:04+09:00
강원특별자치도|원주시,강원특별자치도,원주시,37.308378241121055,127.93110970689337,최신경계기하대표점,20260701,1,37.308378241121055,127.93110970689337,0.0,성공,b2a798a7a0a16fe8ae35acb24ffb0af0efdbbdf4f04431e95f92df05c83f6397,2026-08-30T16:29:04+09:00
강원특별자치도|정선군,강원특별자치도,정선군,37.3787005286541,128.73921966410643,최신경계기하대표점:도로탐색보정,20260701,1,37.36971741690419,128.72791503844522,1.4126669223117516,성공,9c0d6da1c7c58321bc8be0fd92697047a499a6281080a1bf99cefd2e83f61bab,2026-08-30T16:29:05+09:00
강원특별자치도|철원군,강원특별자치도,철원군,38.23419195964161,127.3565473340446,최신경계기하대표점,20260701,1,38.23419195964161,127.3565473340446,0.0,성공,0505c01821091bc38532e2f5e48b85c1be9b8258d1241f27120ca7f50e1b960b,2026-08-30T16:29:04+09:00
강원특별자치도|춘천시,강원특별자치도,춘천시,37.8901047163075,127.74008106881728,최신경계기하대표점,20260701,1,37.8901047163075,127.74008106881728,0.0,성공,2dbac05ca2ce62e107de795640b821f939d54a37a6d23a89dae0d407fab34836,2026-08-30T16:29:04+09:00
강원특별자치도|태백시,강원특별자치도,태백시,37.172760912100486,128.9801473020609,최신경계기하대표점,20260701,1,37.172760912100486,128.9801473020609,0.0,성공,485f0d53f9091068c374575c7fe84fbd3394ef64f4d91c86939a514448e6e82f,2026-08-30T16:29:04+09:00
강원특별자치도|평창군,강원특별자치도,평창군,37.55660001760862,128.48261109655957,최신경계기하대표점,20260701,1,37.55660001760862,128.48261109655957,0.0,성공,7b6a73361e5cf4b136faebbf31f6cd2d33477b1a7a9d9794b7d0e191d1ef5ae7,2026-08-30T16:29:04+09:00
강원특별자치도|홍천군,강원특별자치도,홍천군,37.74489014465092,128.07417854966775,최신경계기하대표점,20260701,1,37.74489014465092,128.07417854966775,0.0,성공,7c4fa1b2a866cb87ab985e318d19babc56117940a7fb8e8d70d3a5fdb71326fd,2026-08-30T16:29:04+09:00
강원특별자치도|화천군,강원특별자치도,화천군,38.16100146558343,127.68758168439078,최신경계기하대표점,20260701,1,38.16100146558343,127.68758168439078,0.0,성공,fe118dee6c7e9a8f7fd32c49465b25e10785d21970379338d3063b4fe8142d95,2026-08-30T16:29:04+09:00
강원특별자치도|횡성군,강원특별자치도,횡성군,37.50976839422013,128.07736460450434,최신경계기하대표점,20260701,1,37.50976839422013,128.07736460450434,0.0,성공,09e3c071ca9fe64ea1c28dd44a218779004ba3d8a1f9335d146652b10bc9f698,2026-08-30T16:29:04+09:00
경기도|가평군,경기도,가평군,37.818701691449085,127.45025604170554,최신경계기하대표점,20260701,1,37.818701691449085,127.45025604170554,0.0,성공,261d0a3c3d7e1a236a89fab0c993569f15fd22d9e784d2281faf9e489199339b,2026-08-30T16:29:04+09:00
경기도|고양시,경기도,고양시,37.66507690379481,126.83578629680004,최신경계기하대표점,20260701,3,37.66507690379481,126.83578629680004,0.0,성공,5039d015ac67d454b479feb844868e2a4b415fe6e8dbca25cdf5a716358b899b,2026-08-30T16:29:04+09:00
경기도|광명시,경기도,광명시,37.4454707984408,126.86471921885014,최신경계기하대표점,20260701,1,37.4454707984408,126.86471921885014,0.0,성공,2231b4b166a9be7ba0cd3f544a1d2f660d451e412590b68c4b75bc64a2e1c399,2026-08-30T16:29:05+09:00
경기도|광주시,경기도,광주시,37.40300281102924,127.30113106631912,최신경계기하대표점,20260701,1,37.40300281102924,127.30113106631912,0.0,성공,b400cdb3a39ce1dbfd238ada3143f28dc154b0c3bacaf2fd194b6a6675489f3a,2026-08-30T16:29:05+09:00
경기도|구리시,경기도,구리시,37.599727160919066,127.13136830194152,최신경계기하대표점,20260701,1,37.599727160919066,127.13136830194152,0.0,성공,ff0dbcb4d8f9265eb2a572dd51c1333b013d9f79e35495c3f3f7c90bfbbeb596,2026-08-30T16:29:05+09:00
경기도|군포시,경기도,군포시,37.34318292637382,126.92123357969793,최신경계기하대표점,20260701,1,37.34318292637382,126.92123357969793,0.0,성공,0afaab17ce1d89222ab23cbf5b0ec9ccfd0d0c612591269669214043e86790ae,2026-08-30T16:29:05+09:00
경기도|김포시,경기도,김포시,37.67843457963173,126.62497030939276,최신경계기하대표점,20260701,1,37.67843457963173,126.62497030939276,0.0,성공,410416317ea8ca383c20a268d71bb3ddcaf1b6ea1594f8c2bd2c1ac029dd4373,2026-08-30T16:29:05+09:00
경기도|남양주시,경기도,남양주시,37.66304367339652,127.24323773147738,최신경계기하대표점,20260701,1,37.66304367339652,127.24323773147738,0.0,성공,8ba9f9ca4ab469fe8cec2f07f201cb4bf8ee2b133543b6e0b7e97c13c348a6c1,2026-08-30T16:29:05+09:00
경기도|동두천시,경기도,동두천시,37.91655037280255,127.07795016745511,최신경계기하대표점,20260701,1,37.91655037280255,127.07795016745511,0.0,성공,09d0e4aa6bc89d7e35cc72005266e4e8c964dbd4dc00e19386cf217e884f862f,2026-08-30T16:29:05+09:00
경기도|부천시,경기도,부천시,37.50428648053597,126.78865277579798,최신경계기하대표점,20260701,3,37.50428648053597,126.78865277579798,0.0,성공,4467ae137ddd36c6349f64a4648664b6402aba8f3d215feb25adb73ba888d9f0,2026-08-30T16:29:05+09:00
경기도|성남시,경기도,성남시,37.407398924856864,127.1161298449459,최신경계기하대표점,20260701,3,37.407398924856864,127.1161298449459,0.0,성공,4ad732bb60a07b8950c002bcbcf18ae69c6e15e9fb3034a0c5938486331216f4,2026-08-30T16:29:05+09:00
경기도|수원시,경기도,수원시,37.28044427142034,127.00768772878472,최신경계기하대표점,20260701,4,37.28044427142034,127.00768772878472,0.0,성공,8df0c186fd30767607f96acefa53bead414877cfcc659c082097751e0d05825f,2026-08-30T16:29:05+09:00
경기도|시흥시,경기도,시흥시,37.38638062955131,126.7837916801278,최신경계기하대표점,20260701,1,37.38638062955131,126.7837916801278,0.0,성공,bc46f4adcde008f994bc900c482be489863aa7f4f1244bb1b38e5be52b8a2a17,2026-08-30T16:29:05+09:00
경기도|안산시,경기도,안산시,37.31520530861706,126.87064829139878,최신경계기하대표점,20260701,2,37.31520530861706,126.87064829139878,0.0,성공,1257e60a8ca62b4f45b508dbaea1152b14a6c1554cc488f12ab86093919c71d3,2026-08-30T16:29:05+09:00
경기도|안성시,경기도,안성시,37.03490778314931,127.30308548628736,최신경계기하대표점,20260701,1,37.03490778314931,127.30308548628736,0.0,성공,546437b0d8d1144f682ca17c43fb18dac75b9724c099dfe8f1c12ca0204e7352,2026-08-30T16:29:06+09:00
경기도|안양시,경기도,안양시,37.402600809612615,126.92768985345027,최신경계기하대표점,20260701,2,37.402600809612615,126.92768985345027,0.0,성공,969178b5d0331ca8437a811fea18b8272d58fc611c44eac192af925b4af2b771,2026-08-30T16:29:05+09:00
경기도|양주시,경기도,양주시,37.80872103932338,127.00119890333224,최신경계기하대표점,20260701,1,37.80872103932338,127.00119890333224,0.0,성공,a9cc27c21750c50403845aeacd3645433fe0521e6633e4ae73d37f553dee51af,2026-08-30T16:29:05+09:00
경기도|양평군,경기도,양평군,37.51820658879196,127.57871868104016,최신경계기하대표점:도로탐색보정,20260701,1,37.51820658879196,127.59004440771204,0.998876451468014,성공,0d3b982945ccb43857cf0b29bed9270f4985cb26051ac1c37c4be290abe71b32,2026-08-30T16:29:06+09:00
경기도|여주시,경기도,여주시,37.30251905634283,127.61567487528784,최신경계기하대표점,20260701,1,37.30251905634283,127.61567487528784,0.0,성공,74859530f188b0ed8a694cc60c84579ae8af6c067033e662889681f5a5ee706d,2026-08-30T16:29:05+09:00
경기도|연천군,경기도,연천군,38.09829617600168,127.02493799436634,최신경계기하대표점,20260701,1,38.09829617600168,127.02493799436634,0.0,성공,84d69095166cd0319dadc1862567c695047596e773a606bc03ec1590a8e29e81,2026-08-30T16:29:05+09:00
경기도|오산시,경기도,오산시,37.16330228674965,127.05127459635992,최신경계기하대표점,20260701,1,37.16330228674965,127.05127459635992,0.0,성공,641ad57730bdae6bb109004c5b07c878e752799b27e60261fc67cc591977644e,2026-08-30T16:29:06+09:00
경기도|용인시,경기도,용인시,37.221533858822426,127.22194818284058,최신경계기하대표점,20260701,3,37.221533858822426,127.22194818284058,0.0,성공,73849118e17e70797f9616ab899fde37fe81e4db254a1943cf0b3167e61539ea,2026-08-30T16:29:06+09:00
경기도|의정부시,경기도,의정부시,37.73620855362152,127.06818942003696,최신경계기하대표점,20260701,1,37.73620855362152,127.06818942003696,0.0,성공,165e891a8d997d9c8dd55323ad39269c8b27df014c8d17f255b6bf7c93897676,2026-08-30T16:29:06+09:00
경기도|이천시,경기도,이천시,37.20995124992897,127.48107868356652,최신경계기하대표점,20260701,1,37.20995124992897,127.48107868356652,0.0,성공,f0a0c7aa9e3bb3ca66f6c745dfc8ad73d024983c319631f8159e691d294a6a7a,2026-08-30T16:29:06+09:00
경기도|파주시,경기도,파주시,37.855790160887366,126.80983051914556,최신경계기하대표점,20260701,1,37.855790160887366,126.80983051914556,0.0,성공,b7951411c48047e1fe46b3a4f2d01fbdb848c754a9eb980c7188eebf305f9da9,2026-08-30T16:29:06+09:00
경기도|평택시,경기도,평택시,37.01573596448127,126.99493597502676,최신경계기하대표점,20260701,1,37.01573596448127,126.99493597502676,0.0,성공,c4137bfe9a074c61b8588755434fe21fea3cd0e07c6e9bd7572c208d59ac348a,2026-08-30T16:29:06+09:00
경기도|포천시,경기도,포천시,37.97010301449183,127.25048310279396,최신경계기하대표점,20260701,1,37.97010301449183,127.25048310279396,0.0,성공,5c340344851be793b9b6e97917ee77349c1655b4e38e51f8d6db59a19766b75a,2026-08-30T16:29:06+09:00
경기도|화성시,경기도,화성시,37.16606444650916,126.87285043413456,최신경계기하대표점,20260701,4,37.16606444650916,126.87285043413456,0.0,성공,407b68577d24e0ebf294129f234fc967dd3062e39f602bc3344ca4bbfa0a6a5f,2026-08-30T16:29:06+09:00
경상남도|거제시,경상남도,거제시,34.870494992394484,128.6236848224321,최신경계기하대표점,20260701,1,34.870494992394484,128.6236848224321,0.0,성공,9922bb420ff16b9b131441c66f351e94d20e1e9ab1ec07f742ab21f40d3dd206,2026-08-30T16:29:06+09:00
경상남도|거창군,경상남도,거창군,35.73256127846652,127.90419681256104,최신경계기하대표점,20260701,1,35.73256127846652,127.90419681256104,0.0,성공,cbfcad1ca3cfff1e36ecce206f1e4634f2aa5803e97d8fcc61fdb899c92de2b4,2026-08-30T16:29:06+09:00
경상남도|고성군,경상남도,고성군,35.01565692131164,128.29120945280627,최신경계기하대표점,20260701,1,35.01565692131164,128.29120945280627,0.0,성공,2501eb145c4bf66d23003fe218b367647551fe882c9d579446f628dc9691984c,2026-08-30T16:29:06+09:00
경상남도|김해시,경상남도,김해시,35.27194428723572,128.84531370037925,최신경계기하대표점,20260701,1,35.27194428723572,128.84531370037925,0.0,성공,1d4abded33a0c14a2220fa81b3fe91e73ce2712cd5e1b0bd9d645de262c002c9,2026-08-30T16:29:06+09:00
경상남도|남해군,경상남도,남해군,34.809696628845806,127.92719332460268,최신경계기하대표점,20260701,1,34.809696628845806,127.92719332460268,0.0,성공,8364ba9a174611fd1dbc24cf05c0feef165e058e853af14427da255917135136,2026-08-30T16:29:06+09:00
경상남도|밀양시,경상남도,밀양시,35.498075743901104,128.78932671286933,최신경계기하대표점,20260701,1,35.498075743901104,128.78932671286933,0.0,성공,7ed928a8c7780b2d77ef548ce898b7369057f245206d8bac27488bb87bcf07f1,2026-08-30T16:29:06+09:00
경상남도|사천시,경상남도,사천시,35.0505155,128.0396185,최신경계기하대표점,20260701,1,35.0505155,128.0396185,0.0,성공,508d1a1c1bdb0e0af35dc281ec6943ec87d1930944bf9b2b80d4f5db98b1e411,2026-08-30T16:29:06+09:00
경상남도|산청군,경상남도,산청군,35.36858684622744,127.88434240878992,최신경계기하대표점:도로탐색보정,20260701,1,35.392316583127766,127.88426916250012,2.638634709851751,성공,cc977a311e7729cef80ff2b6dc24a3f0c6f6c721bd873cf843179be208227fae,2026-08-30T16:29:08+09:00
경상남도|양산시,경상남도,양산시,35.40201818043826,129.0412768814506,최신경계기하대표점,20260701,1,35.40201818043826,129.0412768814506,0.0,성공,c4664150904d56b6604a012b9ae0e293d17779df21cc0e23b4d2a48c099c852a,2026-08-30T16:29:06+09:00
경상남도|의령군,경상남도,의령군,35.392282676015725,128.27736803565872,최신경계기하대표점,20260701,1,35.392282676015725,128.27736803565872,0.0,성공,ae8aef6073b7f99049fca87ed0a6fcf2f586241a9103a608e6d76b82ec1fcb86,2026-08-30T16:29:06+09:00
경상남도|진주시,경상남도,진주시,35.20514289476305,128.12980989536575,최신경계기하대표점,20260701,1,35.20514289476305,128.12980989536575,0.0,성공,9c7c75041fadb3e3644be938e5488a25119b72c731c572e39df6b7dacc859be8,2026-08-30T16:29:06+09:00
경상남도|창녕군,경상남도,창녕군,35.50858156968058,128.49288091342007,최신경계기하대표점,20260701,1,35.50858156968058,128.49288091342007,0.0,성공,ef2a832e8b654953721e2b64605a898c911ac96895a50cfe731defb776a43e5c,2026-08-30T16:29:07+09:00
경상남도|창원시,경상남도,창원시,35.20038261696353,128.59931328488352,최신경계기하대표점,20260701,5,35.20038261696353,128.59931328488352,0.0,성공,ede5f844eb2918d5924e2052ef519d0f33dc687b0ba490f27865b9d8971635f5,2026-08-30T16:29:07+09:00
경상남도|통영시,경상남도,통영시,34.82611274821184,128.3746863705182,최신경계기하대표점,20260701,1,34.82611274821184,128.3746863705182,0.0,성공,be9f117cdb19e64e1bd66e80208d3a5f54ad6b8c5700590eec169109aacac65d,2026-08-30T16:29:07+09:00
경상남도|하동군,경상남도,하동군,35.13757242595975,127.7794116940999,최신경계기하대표점,20260701,1,35.13757242595975,127.7794116940999,0.0,성공,46edc051eb91e9f9b8ac517c9e8d2b17347a686242124031f5996481d0d93367,2026-08-30T16:29:07+09:00
경상남도|함안군,경상남도,함안군,35.29115882043452,128.43125131876363,최신경계기하대표점,20260701,1,35.29115882043452,128.43125131876363,0.0,성공,6cb0483f1ea090d877b4e16c903654f5978018c7a97248005b938968f7716296,2026-08-30T16:29:07+09:00
경상남도|함양군,경상남도,함양군,35.551596650539054,127.72189413082812,최신경계기하대표점,20260701,1,35.551596650539054,127.72189413082812,0.0,성공,2bfd3ec4430a12b8421fb7776e0832b49dd7d7059b6c8c01b3345940aa3a7c88,2026-08-30T16:29:07+09:00
경상남도|합천군,경상남도,합천군,35.576556544015,128.14171891624522,최신경계기하대표점,20260701,1,35.576556544015,128.14171891624522,0.0,성공,52f4b851cef6a75622ad7912297eab68cc84bd034b838106be81bd5abd1018e4,2026-08-30T16:29:07+09:00
경상북도|경산시,경상북도,경산시,35.83367726509709,128.80929168762745,최신경계기하대표점,20260701,1,35.83367726509709,128.80929168762745,0.0,성공,03be9825e089bb04cf6a23049f17a5d036607d0f7dcdb0de4f5196259e8d24e3,2026-08-30T16:29:07+09:00
경상북도|경주시,경상북도,경주시,35.82659143800053,129.23586421245795,최신경계기하대표점,20260701,1,35.82659143800053,129.23586421245795,0.0,성공,d546a802ea66d7f2b2df8543b524f92d8fe8cdd678f07132cc85c12956796eb1,2026-08-30T16:29:07+09:00
경상북도|고령군,경상북도,고령군,35.73636885858543,128.3057634556702,최신경계기하대표점,20260701,1,35.73636885858543,128.3057634556702,0.0,성공,0b6599b76425180e938d5451ffb8091dbbf071974ee1ee3f347a191d9429e889,2026-08-30T16:29:07+09:00
경상북도|구미시,경상북도,구미시,36.207710027191965,128.3554548827065,최신경계기하대표점,20260701,1,36.207710027191965,128.3554548827065,0.0,성공,19e6e42796f66224203b18adeb01b5d21a681fe14a57d025d75003414c8d48c9,2026-08-30T16:29:07+09:00
경상북도|김천시,경상북도,김천시,36.06054228271047,128.07807597995148,최신경계기하대표점,20260701,1,36.06054228271047,128.07807597995148,0.0,성공,fb9d4658ad4047e7ba1c5db4ad948041429eaa3a7ead364c3e27d54428112b06,2026-08-30T16:29:07+09:00
경상북도|문경시,경상북도,문경시,36.69056538123547,128.14882864433375,최신경계기하대표점,20260701,1,36.69056538123547,128.14882864433375,0.0,성공,94d8b575f2e3b766db03de582497213c51ac3ee981424dfc354554f3d90da07a,2026-08-30T16:29:07+09:00
경상북도|봉화군,경상북도,봉화군,36.93447845825107,128.91302867139464,최신경계기하대표점,20260701,1,36.93447845825107,128.91302867139464,0.0,성공,51cd3f101f81129c92e815edb6229ae9924fe831e2bc235849b9805eaad900d5,2026-08-30T16:29:07+09:00
경상북도|상주시,경상북도,상주시,36.42949864141076,128.06694205767292,최신경계기하대표점,20260701,1,36.42949864141076,128.06694205767292,0.0,성공,a605b37269aec7a9560dc5db3ddce349edef23aaa2816affa81dd3e6d9ccfde9,2026-08-30T16:29:07+09:00
경상북도|성주군,경상북도,성주군,35.90703626745889,128.2342014490066,최신경계기하대표점,20260701,1,35.90703626745889,128.2342014490066,0.0,성공,2077f89112e0207d223a590df8711d52699a01f90c3546d29d3eca8c843cda98,2026-08-30T16:29:08+09:00
경상북도|안동시,경상북도,안동시,36.58025852589,128.7800188922888,최신경계기하대표점,20260701,1,36.58025852589,128.7800188922888,0.0,성공,b2867172c9237de31176ea9d32c390a702e2ca6c68dabdc2394a7a216e23b836,2026-08-30T16:29:08+09:00
경상북도|영덕군,경상북도,영덕군,36.48249200192048,129.3179712261013,최신경계기하대표점:도로탐색보정,20260701,1,36.50356992465585,129.36013452182522,4.438388715336878,성공,6376f7c3d8409ca66b71da84ed743f9386f04cbe92141f81642509d91b3085e3,2026-08-30T16:29:09+09:00
경상북도|영양군,경상북도,영양군,36.6971689336282,129.1451319049594,최신경계기하대표점:도로탐색보정,20260701,1,36.70615204537811,129.1451319049594,0.9988764520714528,성공,289f42d78429154ca3a5aa2bd12062508fc838fa07b07bfcc3a240559e807d99,2026-08-30T16:29:08+09:00
경상북도|영주시,경상북도,영주시,36.87044009602999,128.59785389126728,최신경계기하대표점,20260701,1,36.87044009602999,128.59785389126728,0.0,성공,ace0f318356ba094c254bae8aa7599a66ea1532cdad72d40790d8cf59d0a79a8,2026-08-30T16:29:08+09:00
경상북도|영천시,경상북도,영천시,36.01568959961574,128.94248612638108,최신경계기하대표점,20260701,1,36.01568959961574,128.94248612638108,0.0,성공,32d34c4ba867868d44075c41e418b1d7f4671a8ea5ba81d0ba1183c65eb37e4e,2026-08-30T16:29:08+09:00
경상북도|예천군,경상북도,예천군,36.65416313289635,128.4226021604269,최신경계기하대표점,20260701,1,36.65416313289635,128.4226021604269,0.0,성공,aea52d1a36606f57de692e9918459b5525ac7ccdadce25442844d48d66cb98b1,2026-08-30T16:29:08+09:00
경상북도|울릉군,경상북도,울릉군,37.50231831001224,130.8638460211066,최신경계기하대표점:도로탐색보정,20260701,1,37.48999409591214,130.89056931308798,2.7269192064217544,성공,e95f6796354fd66c2442e0bf6ddf102840ed4a9819d31cef1c24f71b6df72931,2026-08-30T16:29:10+09:00
경상북도|울진군,경상북도,울진군,36.904233730161,129.31296900374187,최신경계기하대표점,20260701,1,36.904233730161,129.31296900374187,0.0,성공,92de805220ff35d3da6225d343069a9ce64982399b244727d49c05ec757c0105,2026-08-30T16:29:08+09:00
경상북도|의성군,경상북도,의성군,36.36199824698405,128.61519716148192,최신경계기하대표점:도로탐색보정,20260701,1,36.36199824698405,128.62635232656123,0.9988764515166932,성공,e952caebd8e4d7ef2018120671c7f5284caf3c831fa9a91d4125a0445f74e752,2026-08-30T16:29:08+09:00
경상북도|청도군,경상북도,청도군,35.672526709985625,128.78568569652575,최신경계기하대표점,20260701,1,35.672526709985625,128.78568569652575,0.0,성공,16b056954d83044674aa29207c020de434e7dc4cdad98ac3bf8adc890702c57c,2026-08-30T16:29:09+09:00
경상북도|청송군,경상북도,청송군,36.35715198827636,129.05736806524598,최신경계기하대표점,20260701,1,36.35715198827636,129.05736806524598,0.0,성공,306d197216f33e6a8eb1eeafce0d07e0b02768b993a69c50e12e2d7b8133f33e,2026-08-30T16:29:09+09:00
경상북도|칠곡군,경상북도,칠곡군,36.01565735561221,128.46301760285223,최신경계기하대표점,20260701,1,36.01565735561221,128.46301760285223,0.0,성공,af910863f8204fbbfe1ee9803b1b91b5d4da11e8296c9929a0a7219afa040cd2,2026-08-30T16:29:09+09:00
경상북도|포항시,경상북도,포항시,36.09316667015994,129.30543464322923,최신경계기하대표점:도로탐색보정,20260701,2,36.09316667015994,129.31655152824172,0.9988764515262384,성공,a6d260f8d4f43bd32d3a81459eb29d8e80bad67422cc9830e2316fdb64d2e009,2026-08-30T16:29:09+09:00
대구광역시|남구,대구광역시,남구,35.83535001492616,128.58541068335816,최신경계기하대표점,20260701,1,35.83535001492616,128.58541068335816,0.0,성공,d421da24b456c3c9b3419423337b50395f11b43659b8c0472626c49da1272515,2026-08-30T16:29:09+09:00
대구광역시|달서구,대구광역시,달서구,35.827496185671194,128.52853182403024,최신경계기하대표점,20260701,1,35.827496185671194,128.52853182403024,0.0,성공,30e0d86ef5350f2f83239cea1e6eb81954733ad120e8e9e6f25da3c5d6bc38fe,2026-08-30T16:29:09+09:00
대구광역시|달성군,대구광역시,달성군,35.75950344188209,128.49862795122735,최신경계기하대표점,20260701,1,35.75950344188209,128.49862795122735,0.0,성공,bf489324334ba9a6d1147fca91a1527dc0d7e5b27fc47cd4f94ce425a8442b12,2026-08-30T16:29:09+09:00
대구광역시|동구,대구광역시,동구,35.93457273686532,128.68581567164367,최신경계기하대표점,20260701,1,35.93457273686532,128.68581567164367,0.0,성공,c297f8f171a6b5d12013cae600e0ebae20c0a8594c6b7e2e8c594124a9bef3d1,2026-08-30T16:29:09+09:00
대구광역시|북구,대구광역시,북구,35.92863994221861,128.5773473335572,최신경계기하대표점:도로탐색보정,20260701,1,35.92863994221861,128.5884410404026,0.9988764515349594,성공,cebc3e06d14fbb2b6fd16b07501f130063ee8882a5e524f84c6e7aae67bd872d,2026-08-30T16:29:10+09:00
대구광역시|서구,대구광역시,서구,35.87510074017786,128.5496946406443,최신경계기하대표점,20260701,1,35.87510074017786,128.5496946406443,0.0,성공,1028dfc14cc6ea136d21afab2617e975186ac6e7e96ef1d208494efb0a97a9da,2026-08-30T16:29:10+09:00
대구광역시|수성구,대구광역시,수성구,35.83421973565831,128.66136620485366,최신경계기하대표점,20260701,1,35.83421973565831,128.66136620485366,0.0,성공,737a54b9dc7584ba474745c2fece45c5d15ff1b3d9dffaf0f24890d955650652,2026-08-30T16:29:10+09:00
대구광역시|중구,대구광역시,중구,35.86655359651983,128.59339957737004,최신경계기하대표점:도로탐색보정,20260701,1,35.86655359651983,128.6044845864497,0.9988764515369511,성공,51aac8890d8839c265e8dc21632551dc9141016285c93e83643f8499ae71ffd9,2026-08-30T16:29:10+09:00
대전광역시|대덕구,대전광역시,대덕구,36.41227522816743,127.44045787534972,최신경계기하대표점,20260701,1,36.41227522816743,127.44045787534972,0.0,성공,33ba8ae1d141421aff7cb49ce3b679f7088037fac269fa42f351eacac778cdea,2026-08-30T16:29:10+09:00
대전광역시|동구,대전광역시,동구,36.32383513263455,127.4750230371952,최신경계기하대표점,20260701,1,36.32383513263455,127.4750230371952,0.0,성공,a52503792b6f2a001744e84508bb3bfcf5b67741a855ac2550fafada3c330f00,2026-08-30T16:29:10+09:00
대전광역시|서구,대전광역시,서구,36.28065949320312,127.3452245655545,최신경계기하대표점,20260701,1,36.28065949320312,127.3452245655545,0.0,성공,dd536b9fbbeeeed32eab00dc4a2a6b45526e641c156a4a986d1bfdfbd31fc9be,2026-08-30T16:29:10+09:00
대전광역시|유성구,대전광역시,유성구,36.37683498126362,127.33298037053096,최신경계기하대표점,20260701,1,36.37683498126362,127.33298037053096,0.0,성공,ceac07cf61cf2b4f6125f0571745d42fc2a521fa5cbc25839256d3ff2d8a5601,2026-08-30T16:29:10+09:00
대전광역시|중구,대전광역시,중구,36.280747339353326,127.41130792339467,최신경계기하대표점,20260701,1,36.280747339353326,127.41130792339467,0.0,성공,badc59fea1eceb0c4b9c61c8248c810f66a92a63a1c1102d2b517d596d9c134e,2026-08-30T16:29:10+09:00
부산광역시|금정구,부산광역시,금정구,35.25901543782271,129.09174371656826,최신경계기하대표점,20260701,1,35.25901543782271,129.09174371656826,0.0,성공,1da8fb6bcea0ab398aaff084d3793438885394995176418a975835fc7f7e11b2,2026-08-30T16:29:10+09:00
부산광역시|기장군,부산광역시,기장군,35.29700483882162,129.20152905071893,최신경계기하대표점,20260701,1,35.29700483882162,129.20152905071893,0.0,성공,6330591f13b977649a574c7d20aef66f35e51591f10caa55ef03015767bb3209,2026-08-30T16:29:10+09:00
부산광역시|남구,부산광역시,남구,35.126268753053424,129.0940968877415,최신경계기하대표점,20260701,1,35.126268753053424,129.0940968877415,0.0,성공,23f9b39b3ce83eb3889b174835e17f9e4555b6c467b6988adb238fc1608d5c46,2026-08-30T16:29:10+09:00
부산광역시|동구,부산광역시,동구,35.12936256571513,129.0446552761767,최신경계기하대표점,20260701,1,35.12936256571513,129.0446552761767,0.0,성공,1403e3aa8b2e01bcd8e964905565df3b16520e6429102117a00053df5240d9f3,2026-08-30T16:29:10+09:00
부산광역시|동래구,부산광역시,동래구,35.206365466890134,129.0789544854013,최신경계기하대표점,20260701,1,35.206365466890134,129.0789544854013,0.0,성공,f62d65ed2d178b903ee0508a37890086c42fff401060f6c8851062d6dc733363,2026-08-30T16:29:10+09:00
부산광역시|부산진구,부산광역시,부산진구,35.16507246021146,129.0431828153446,최신경계기하대표점,20260701,1,35.16507246021146,129.0431828153446,0.0,성공,17bf05fb32931c0d70e34302b8e04e7132f3deaad32266aa17dcd944626151fd,2026-08-30T16:29:10+09:00
부산광역시|북구,부산광역시,북구,35.23031945992211,129.0241823465681,최신경계기하대표점:도로탐색보정,20260701,1,35.23930257167202,129.0241823465681,0.9988764520714528,성공,18cd1c1dd2391ffc54297f121284c7321a5c8da58b76a2758b18b2114bcc40b6,2026-08-30T16:29:11+09:00
부산광역시|사상구,부산광역시,사상구,35.15802360836226,128.9868891581846,최신경계기하대표점,20260701,1,35.15802360836226,128.9868891581846,0.0,성공,09fa9898f700289d3f4bf72d5dff2650bedfbc3cf9a0bc414677c5907c4d7c64,2026-08-30T16:29:10+09:00
부산광역시|사하구,부산광역시,사하구,35.08856133307978,128.97146044957083,최신경계기하대표점,20260701,1,35.08856133307978,128.97146044957083,0.0,성공,a8ad8b15c7b9b84dd1a9eb68db32d10835db8e69296f69db78f9614182174562,2026-08-30T16:29:10+09:00
부산광역시|서구,부산광역시,서구,35.10259053471167,129.01479535421402,최신경계기하대표점,20260701,1,35.10259053471167,129.01479535421402,0.0,성공,84b6a43713ff9cc5a5e43ede40c610af8f70c3c5a6afcfd907c5d6fcce31a981,2026-08-30T16:29:10+09:00
부산광역시|수영구,부산광역시,수영구,35.16111932504458,129.11173923251462,최신경계기하대표점,20260701,1,35.16111932504458,129.11173923251462,0.0,성공,be8e256e48fb833d45a2474c206a1425dbbe1170d203ebb1e927e6c291022d49,2026-08-30T16:29:11+09:00
부산광역시|연제구,부산광역시,연제구,35.18241896372864,129.08325082007386,최신경계기하대표점,20260701,1,35.18241896372864,129.08325082007386,0.0,성공,9efb785e721f1de849e8fd2d781c968f13993b6029695906e41441548ee609b1,2026-08-30T16:29:11+09:00
부산광역시|영도구,부산광역시,영도구,35.078572548190174,129.06532257497875,최신경계기하대표점,20260701,1,35.078572548190174,129.06532257497875,0.0,성공,284c9c4fc6732f36cbfc61814bdd2ac82bdfce0cda5cbb37cd62d133fb1c4ae9,2026-08-30T16:29:11+09:00
부산광역시|중구,부산광역시,중구,35.10535717772163,129.0321054066598,최신경계기하대표점,20260701,1,35.10535717772163,129.0321054066598,0.0,성공,7c3eeb159c5d941fe2785817aaebb829c2abec96ba50d4d251651b7912bac56f,2026-08-30T16:29:11+09:00
부산광역시|해운대구,부산광역시,해운대구,35.19359868449478,129.1537586015892,최신경계기하대표점:도로탐색보정,20260701,1,35.18461557274487,129.14276617674832,1.41266367151386,성공,061ed857292beea975c1146d00ba8ed4f8b556260cec5e6c2218e66205273e62,2026-08-30T16:29:12+09:00
서울특별시|강남구,서울특별시,강남구,37.497101180004606,127.06274796143536,최신경계기하대표점,20260701,1,37.497101180004606,127.06274796143536,0.0,성공,7f4c01d91d22796377a6d78c6195ba76d9e1d2f3ec7566e2bc078dee1df4b538,2026-08-30T16:29:11+09:00
서울특별시|강동구,서울특별시,강동구,37.55051123526563,127.14664986354816,최신경계기하대표점,20260701,1,37.55051123526563,127.14664986354816,0.0,성공,0ca592b48a01449eb84e6bf27fd721d9d45af5e63255f4d5abce81304fd4db32,2026-08-30T16:29:11+09:00
서울특별시|강북구,서울특별시,강북구,37.64358170012042,127.01115765584105,최신경계기하대표점,20260701,1,37.64358170012042,127.01115765584105,0.0,성공,591e6a07ddd050d9a1c16699ea2df305b6b016a07b7e2366e8c41ba575b38494,2026-08-30T16:29:11+09:00
서울특별시|강서구,서울특별시,강서구,37.56125637135474,126.82270265163504,최신경계기하대표점,20260701,1,37.56125637135474,126.82270265163504,0.0,성공,525d4e79a36145bf40d58416cbf1c058318c6ea41a63621a1552f882c5b57cd3,2026-08-30T16:29:11+09:00
서울특별시|관악구,서울특별시,관악구,37.46704899502772,126.94604691409374,최신경계기하대표점,20260701,1,37.46704899502772,126.94604691409374,0.0,성공,b071848bc1ae8d90a1ee21b52be0feeaf777c227b51f9a42fc04bd9ee5a57b22,2026-08-30T16:29:11+09:00
서울특별시|광진구,서울특별시,광진구,37.54654577151352,127.08652472901996,최신경계기하대표점,20260701,1,37.54654577151352,127.08652472901996,0.0,성공,56ff9c400669898576ec6af199c27dc6b0cabcec6a13d4ddd13dd368b5123738,2026-08-30T16:29:11+09:00
서울특별시|구로구,서울특별시,구로구,37.49436400216212,126.8566995427296,최신경계기하대표점,20260701,1,37.49436400216212,126.8566995427296,0.0,성공,297f427055d17927df826c48afec88508535bc1e3fbbca1b596f8a7b62aa4b98,2026-08-30T16:29:12+09:00
서울특별시|금천구,서울특별시,금천구,37.46045045934971,126.90125942913384,최신경계기하대표점,20260701,1,37.46045045934971,126.90125942913384,0.0,성공,8e982f87e7e320d6d90aef18a24bf05b82f9e799cae8062b8c34e586d81b306c,2026-08-30T16:29:12+09:00
서울특별시|노원구,서울특별시,노원구,37.65208455946551,127.0752536707041,최신경계기하대표점,20260701,1,37.65208455946551,127.0752536707041,0.0,성공,d432c1cdf697219ed06f5282600c9c495bc0f01fb52d9984d13cce7c368d0b0c,2026-08-30T16:29:12+09:00
서울특별시|도봉구,서울특별시,도봉구,37.66917000734109,127.03243779330684,최신경계기하대표점,20260701,1,37.66917000734109,127.03243779330684,0.0,성공,25f9f85e2489fd7a27cc63e0d5091366c3608ef3d64e0da7edafc7bcbc0bf215,2026-08-30T16:29:12+09:00
서울특별시|동대문구,서울특별시,동대문구,37.58193870861362,127.0552441943268,최신경계기하대표점,20260701,1,37.58193870861362,127.0552441943268,0.0,성공,6e04d4dfea298640835966e37d3f33302067c0474a6ea7bca8b89bea3b72a5dc,2026-08-30T16:29:12+09:00
서울특별시|동작구,서울특별시,동작구,37.498969180167904,126.95137995709656,최신경계기하대표점,20260701,1,37.498969180167904,126.95137995709656,0.0,성공,a6da3c287108bda3ca81d4f70ad8bde5d177feb4080803040cdee88f795cded4,2026-08-30T16:29:12+09:00
서울특별시|마포구,서울특별시,마포구,37.55941238239047,126.90806283305758,최신경계기하대표점,20260701,1,37.55941238239047,126.90806283305758,0.0,성공,41ea1941c16924047d33780583d48be8bf42dad40776b0133db76ec3525cb099,2026-08-30T16:29:12+09:00
서울특별시|서대문구,서울특별시,서대문구,37.57741732602496,126.93902072467957,최신경계기하대표점,20260701,1,37.57741732602496,126.93902072467957,0.0,성공,3db685c04d204a105bbb5c1a7d18866ded1966e3b51743048e68d345226b7d5d,2026-08-30T16:29:12+09:00
서울특별시|서초구,서울특별시,서초구,37.4733488413492,127.031585519515,최신경계기하대표점,20260701,1,37.4733488413492,127.031585519515,0.0,성공,b250dff4b5232b5fd9575f631a4d33785862fd14a023b7c999b5fbc8c02992cc,2026-08-30T16:29:12+09:00
서울특별시|성동구,서울특별시,성동구,37.551125328541886,127.04107708980952,최신경계기하대표점,20260701,1,37.551125328541886,127.04107708980952,0.0,성공,aa44183b435a1bd1ce54dbdb4331443aca5d2717f7eae6e29889db59f31f779c,2026-08-30T16:29:13+09:00
서울특별시|성북구,서울특별시,성북구,37.60587497524429,127.01806311057958,최신경계기하대표점,20260701,1,37.60587497524429,127.01806311057958,0.0,성공,2e8f27396bd015ec42e23d92f5c4ba758e262d6a962747cddb36d2a22677208f,2026-08-30T16:29:13+09:00
서울특별시|송파구,서울특별시,송파구,37.50509521328679,127.11529234884544,최신경계기하대표점,20260701,1,37.50509521328679,127.11529234884544,0.0,성공,f5d659ba89e9617b85fee24d551611b2bfbece970e9f500e22b087bd0bce1490,2026-08-30T16:29:13+09:00
서울특별시|양천구,서울특별시,양천구,37.52472460039756,126.85552705735188,최신경계기하대표점,20260701,1,37.52472460039756,126.85552705735188,0.0,성공,769416035fb8de7d656971e5c561dfceaa10c2e5bc4690b8949a08ce2e50c22c,2026-08-30T16:29:13+09:00
서울특별시|영등포구,서울특별시,영등포구,37.52242651798301,126.91030797634794,최신경계기하대표점,20260701,1,37.52242651798301,126.91030797634794,0.0,성공,a4cf4393b3d88ffc04d75acf481a56a43eac53cab131a4017121e7dd867d18f7,2026-08-30T16:29:13+09:00
서울특별시|용산구,서울특별시,용산구,37.53123766661841,126.9803744452966,최신경계기하대표점,20260701,1,37.53123766661841,126.9803744452966,0.0,성공,bf7d384e36fc3a38312e03259822bd520ace3e48cecd78c5df4f03939f9713d9,2026-08-30T16:29:13+09:00
서울특별시|은평구,서울특별시,은평구,37.619923280064384,126.92898353339486,최신경계기하대표점,20260701,1,37.619923280064384,126.92898353339486,0.0,성공,c755d14c6c2e3296e76c1e679cd848d132147ac5d9c142936baa0cf73aef49a7,2026-08-30T16:29:13+09:00
서울특별시|종로구,서울특별시,종로구,37.59432909802209,126.9776279449155,최신경계기하대표점,20260701,1,37.59432909802209,126.9776279449155,0.0,성공,9f500fbea88c1000ad9069c9f40ecf69b3fdb1cfdac6e4304955bf6d73dbec32,2026-08-30T16:29:13+09:00
서울특별시|중구,서울특별시,중구,37.56006392624973,126.99565967668003,최신경계기하대표점,20260701,1,37.56006392624973,126.99565967668003,0.0,성공,c707af1b5448ada4489ca9c87a5de898726d20de17a671379af75e2c352ffacd,2026-08-30T16:29:13+09:00
서울특별시|중랑구,서울특별시,중랑구,37.59798850514837,127.09308855668512,최신경계기하대표점,20260701,1,37.59798850514837,127.09308855668512,0.0,성공,67278d1664d62aceceddec3c0b187c35df7af3b762fb5b6691e4de31bd295d44,2026-08-30T16:29:13+09:00
세종특별자치시|세종시,세종특별자치시,세종시,36.56083626164786,127.25873835841418,최신경계기하대표점,20260701,1,36.56083626164786,127.25873835841418,0.0,성공,00d9c045fbdd0d77e3141df6151923763e3657d0d5b47aeca50628cfa4c5c23c,2026-08-30T16:29:13+09:00
울산광역시|남구,울산광역시,남구,35.51557430120697,129.32853052734873,최신경계기하대표점,20260701,1,35.51557430120697,129.32853052734873,0.0,성공,3fc11962e13710d45c0d1b2bc27e3033c0890a92e43e6fd4be2775641ae35b83,2026-08-30T16:29:13+09:00
울산광역시|동구,울산광역시,동구,35.52532963587321,129.42645815225202,최신경계기하대표점,20260701,1,35.52532963587321,129.42645815225202,0.0,성공,0650bbb2fdcef9d12e0648e65eb15495def92d5f24ebcbbff42466a23ebfc983,2026-08-30T16:29:13+09:00
울산광역시|북구,울산광역시,북구,35.61036802113422,129.3797657400347,최신경계기하대표점,20260701,1,35.61036802113422,129.3797657400347,0.0,성공,abb9d9a6214faf3767dd85da82ddf6f0882085de9aa947388d80d0e24213a4b8,2026-08-30T16:29:13+09:00
울산광역시|울주군,울산광역시,울주군,35.54596750929242,129.18751842727008,최신경계기하대표점,20260701,1,35.54596750929242,129.18751842727008,0.0,성공,56a8af377b1bce1bf7f9bd3e29144df147336b4ca4b131349838ac00ab98117e,2026-08-30T16:29:13+09:00
울산광역시|중구,울산광역시,중구,35.570901339394325,129.3095146582207,최신경계기하대표점,20260701,1,35.570901339394325,129.3095146582207,0.0,성공,2e468269b3a275ae8d5a35a58abd615756fd7e0465e1933f50e1cc68928400f2,2026-08-30T16:29:13+09:00
인천광역시|강화군,인천광역시,강화군,37.71001764149232,126.40185826422535,최신경계기하대표점,20260701,1,37.71001764149232,126.40185826422535,0.0,성공,fa5b37071ba3ddd911123d74dec1dcda7a5effc6820979aa16193446d3a7335e,2026-08-30T16:29:14+09:00
인천광역시|검단구,인천광역시,검단구,37.59477109999107,126.65079047452332,최신경계기하대표점,20260701,1,37.59477109999107,126.65079047452332,0.0,성공,9883093897ddc98bdb10c9040d1634a33609480b778785dd557902fa7b30cebc,2026-08-30T16:29:14+09:00
인천광역시|계양구,인천광역시,계양구,37.55718861386335,126.73480608043722,최신경계기하대표점,20260701,1,37.55718861386335,126.73480608043722,0.0,성공,0d1a671291260b93deb0cdcf8994e2719464a37c1361ef2747e7789440a16b3d,2026-08-30T16:29:14+09:00
인천광역시|남동구,인천광역시,남동구,37.43087634261272,126.72682094301342,최신경계기하대표점,20260701,1,37.43087634261272,126.72682094301342,0.0,성공,06c820d8e66a7c7dc7d70907887488afe2e32b5d70da3a378ab01f7f62ec492b,2026-08-30T16:29:14+09:00
인천광역시|미추홀구,인천광역시,미추홀구,37.45282035089728,126.66491578784516,최신경계기하대표점,20260701,1,37.45282035089728,126.66491578784516,0.0,성공,989b5bca5a892e2d046309e4e92512e03b4a64f172a6e140410f78a6c689601f,2026-08-30T16:29:14+09:00
인천광역시|부평구,인천광역시,부평구,37.49664370042857,126.72123608768868,최신경계기하대표점,20260701,1,37.49664370042857,126.72123608768868,0.0,성공,2c5d07dc893372588f2ad7f055286e27628054acbca79b1c4afbd73de6178cd9,2026-08-30T16:29:14+09:00
인천광역시|서해구,인천광역시,서해구,37.530412263267785,126.65288075384171,최신경계기하대표점,20260701,1,37.530412263267785,126.65288075384171,0.0,성공,11e8fedd6d02f58b2603bbcb09342321e35533bae0c51b6ce42a7ba2f37de985,2026-08-30T16:29:14+09:00
인천광역시|연수구,인천광역시,연수구,37.39058594984175,126.64998037054042,최신경계기하대표점,20260701,1,37.39058594984175,126.64998037054042,0.0,성공,a288a94a4ed11cfbff61d0cb130a1702f59df5c1c521d35ee1aa4c34203dcafa,2026-08-30T16:29:14+09:00
인천광역시|영종구,인천광역시,영종구,37.46905478608139,126.4646552033501,최신경계기하대표점,20260701,1,37.46905478608139,126.4646552033501,0.0,성공,f9e4304a62be53e24f1cc3e5f38ec81019bb5b77e862cc6336f828f8c5d6adec,2026-08-30T16:29:14+09:00
인천광역시|옹진군,인천광역시,옹진군,37.95318994889063,124.67426443478864,최신경계기하대표점,20260701,1,37.95318994889063,124.67426443478864,0.0,성공,8989ec9b946142553d698eca0cb11929e1003013c5972691cbd9a1dc729286ab,2026-08-30T16:29:14+09:00
인천광역시|제물포구,인천광역시,제물포구,37.46570454264794,126.62336888862924,최신경계기하대표점,20260701,1,37.46570454264794,126.62336888862924,0.0,성공,93ac0619ecb841b2194912b6fb9e031cf1c91276209769661ddd68405e44ac68,2026-08-30T16:29:14+09:00
전남광주통합특별시|강진군,전남광주통합특별시,강진군,34.61987701207364,126.772231461416,최신경계기하대표점,20260701,1,34.61987701207364,126.772231461416,0.0,성공,9257e3d96a774aef3810d743d8570977385e5275de2cecafc4bb2230c1d0b159,2026-08-30T16:29:14+09:00
전남광주통합특별시|고흥군,전남광주통합특별시,고흥군,34.597353567294846,127.31603017052166,최신경계기하대표점,20260701,1,34.597353567294846,127.31603017052166,0.0,성공,0c895def75c9b758b196559737e3e8426951a21a30d53921e6b73a2ea1f67a50,2026-08-30T16:29:14+09:00
전남광주통합특별시|곡성군,전남광주통합특별시,곡성군,35.216658957339355,127.26366455834425,최신경계기하대표점:도로탐색보정,20260701,1,35.22564206908927,127.26366455834425,0.9988764520714528,성공,f62465b75debbb0ad27374f89e4aab980b590742baede0cd045e76d018586f50,2026-08-30T16:29:15+09:00
전남광주통합특별시|광산구,전남광주통합특별시,광산구,35.16501887953593,126.7528274457847,최신경계기하대표점:도로탐색보정,20260701,1,35.17400199128584,126.7528274457847,0.9988764520714528,성공,400928b61125a48faf1f10be8e98bb42db09efca5f68d3c85af279b7a82f3679,2026-08-30T16:29:15+09:00
전남광주통합특별시|광양시,전남광주통합특별시,광양시,35.01931015498559,127.65627718145944,최신경계기하대표점,20260701,1,35.01931015498559,127.65627718145944,0.0,성공,8bbefc600dc54f02badc3f1c357538768dfce6a7589989ff975125f02454841a,2026-08-30T16:29:14+09:00
전남광주통합특별시|구례군,전남광주통합특별시,구례군,35.23697753065534,127.50320448240964,최신경계기하대표점:도로탐색보정,20260701,1,35.24596064240525,127.492206181861,1.4125855093988726,성공,586fd9e5efecb2028419901f8f9259454ad023df4cb7c3005ca23ab45a6aaa0d,2026-08-30T16:29:15+09:00
전남광주통합특별시|나주시,전남광주통합특별시,나주시,34.98821073314027,126.7196779673218,최신경계기하대표점,20260701,1,34.98821073314027,126.7196779673218,0.0,성공,34f4785586e9683fd83ebc857bab84ad9be1b0b3afb5438fd6c391afb50a3345,2026-08-30T16:29:15+09:00
전남광주통합특별시|남구,전남광주통합특별시,남구,35.09415402766022,126.85703724384388,최신경계기하대표점,20260701,1,35.09415402766022,126.85703724384388,0.0,성공,93078301f09acffb7796ab26561f9ac4e876f0ff2ff4f1a6fe6a94123393501d,2026-08-30T16:29:15+09:00
전남광주통합특별시|담양군,전남광주통합특별시,담양군,35.291528442374684,126.99540814743276,최신경계기하대표점,20260701,1,35.291528442374684,126.99540814743276,0.0,성공,9b1217681f1fa50b9706e6cf052086884b671bd8b8c345ad847a3c7cfa53700b,2026-08-30T16:29:15+09:00
전남광주통합특별시|동구,전남광주통합특별시,동구,35.117443447436806,126.94885657625464,최신경계기하대표점,20260701,1,35.117443447436806,126.94885657625464,0.0,성공,1c42a99c7b1c00073d22fbb29d48f44a00f5b2b447b57310fd338685b6d0414d,2026-08-30T16:29:15+09:00
전남광주통합특별시|목포시,전남광주통합특별시,목포시,34.80318543989095,126.38904056593,최신경계기하대표점,20260701,1,34.80318543989095,126.38904056593,0.0,성공,c8a41014856d9f32934ca75329a6463a8ca8292d11f0bd1d1c83cecb5fd8b032,2026-08-30T16:29:15+09:00
전남광주통합특별시|무안군,전남광주통합특별시,무안군,34.956767816671004,126.42267240794835,최신경계기하대표점,20260701,1,34.956767816671004,126.42267240794835,0.0,성공,7ae079deb8409cbfd8fe9478fc62ca65e445184b91f01671076333e05f072497,2026-08-30T16:29:15+09:00
전남광주통합특별시|보성군,전남광주통합특별시,보성군,34.81456664737201,127.1622259021703,최신경계기하대표점,20260701,1,34.81456664737201,127.1622259021703,0.0,성공,4babb60b1b8c97c10f2b9a4e474539f6c31ad9ac96fe95c755c1356eb7914c4f,2026-08-30T16:29:15+09:00
전남광주통합특별시|북구,전남광주통합특별시,북구,35.19290309968029,126.92602659653792,최신경계기하대표점,20260701,1,35.19290309968029,126.92602659653792,0.0,성공,3f14f8386bd28bb19809290279c658fcc8d15286072f912e02c022d18d881ac8,2026-08-30T16:29:15+09:00
전남광주통합특별시|서구,전남광주통합특별시,서구,35.13564448055729,126.85072152317328,최신경계기하대표점,20260701,1,35.13564448055729,126.85072152317328,0.0,성공,dbb79bfa9751f14c07b46b3c1d81412bcf909fb2a9ac5bdabe68e37ea65d6165,2026-08-30T16:29:17+09:00
전남광주통합특별시|순천시,전남광주통합특별시,순천시,34.99469571642701,127.38940089352648,최신경계기하대표점:도로탐색보정,20260701,1,34.99469571642701,127.40036653729696,0.9988764515687446,성공,ee9cd4ae9681bc9f7144db0f96ad7ef5815f85f3d3489013422d5d4669139d07,2026-08-30T16:29:16+09:00
전남광주통합특별시|신안군,전남광주통합특별시,신안군,34.73060863726038,126.125252810407,최신경계기하대표점,20260701,1,34.73060863726038,126.125252810407,0.0,성공,0b4b5e8dd8f7aafb54651651d9255f03135b1fb008a257f521221e93dd0e8649,2026-08-30T16:29:16+09:00
전남광주통합특별시|여수시,전남광주통합특별시,여수시,34.77949665005135,127.64307095410724,최신경계기하대표점,20260701,1,34.77949665005135,127.64307095410724,0.0,성공,bb08ddfa64795f945da45c3b49dbf1da3b2c3151489f029735e0391edbdb64cd,2026-08-30T16:29:16+09:00
전남광주통합특별시|영광군,전남광주통합특별시,영광군,35.276648809133235,126.44638390990772,최신경계기하대표점,20260701,1,35.276648809133235,126.44638390990772,0.0,성공,622ebf0c36e9b04e2037f6304faf7e4659cc44c4c3f3e3fda8700a919c6c74f0,2026-08-30T16:29:16+09:00
전남광주통합특별시|영암군,전남광주통합특별시,영암군,34.79887955726693,126.6282366995961,최신경계기하대표점,20260701,1,34.79887955726693,126.6282366995961,0.0,성공,b7e983a70a028eb380c7df23e0a71781492065e242867df62df4983c06b941c6,2026-08-30T16:29:16+09:00
전남광주통합특별시|완도군,전남광주통합특별시,완도군,34.34503626497358,126.69803955801258,최신경계기하대표점:도로탐색보정,20260701,1,34.35401937672349,126.70891953907858,1.412586787565203,성공,4209105792ae9d29a37372a4ebc9752cc21f229669751a5754483b242bd57fd0,2026-08-30T16:29:16+09:00
전남광주통합특별시|장성군,전남광주통합특별시,장성군,35.32947424796789,126.76870782906538,최신경계기하대표점,20260701,1,35.32947424796789,126.76870782906538,0.0,성공,9d2f2573f9b9c8a74228809b5a0065f00cdb96e1df2d5e513e3ec0d8e1945c06,2026-08-30T16:29:16+09:00
전남광주통합특별시|장흥군,전남광주통합특별시,장흥군,34.6763681149465,126.92189635530464,최신경계기하대표점,20260701,1,34.6763681149465,126.92189635530464,0.0,성공,a7b662a37655c5222a99ee5d11229319938e65e48d95c433343f01e5bba3c55c,2026-08-30T16:29:16+09:00
전남광주통합특별시|진도군,전남광주통합특별시,진도군,34.43369527208744,126.20795445806536,최신경계기하대표점,20260701,1,34.43369527208744,126.20795445806536,0.0,성공,2c3c2439c3ecf4886418a7954bc3620b9acf037d2a5cda8fde7960df8ee598a1,2026-08-30T16:29:16+09:00
전남광주통합특별시|함평군,전남광주통합특별시,함평군,35.11270547382962,126.53511527298316,최신경계기하대표점,20260701,1,35.11270547382962,126.53511527298316,0.0,성공,a40ab17afea9d509ab18b62dcd2063cc33471ff17159edcc8ae00fb07e5f74bb,2026-08-30T16:29:17+09:00
전남광주통합특별시|해남군,전남광주통합특별시,해남군,34.55325592263084,126.51463573996044,최신경계기하대표점,20260701,1,34.55325592263084,126.51463573996044,0.0,성공,c77ca3ceaf216a5d3b626c14bf72d60406a8b860d38760db8ece0ff6e1e069fa,2026-08-30T16:29:17+09:00
전남광주통합특별시|화순군,전남광주통합특별시,화순군,35.00831927959416,127.03337264531828,최신경계기하대표점,20260701,1,35.00831927959416,127.03337264531828,0.0,성공,999a3b466adfda9b9b3acc849aa453108d469c00616d94d5e6a31033a5358ff0,2026-08-30T16:29:17+09:00
전북특별자치도|고창군,전북특별자치도,고창군,35.448414306666486,126.61575286896912,최신경계기하대표점,20260701,1,35.448414306666486,126.61575286896912,0.0,성공,583a734d42a989de1c965cf231ed91151f6c319a8df0c2e0ef4edb68da48017d,2026-08-30T16:29:17+09:00
전북특별자치도|군산시,전북특별자치도,군산시,35.95435693768317,126.72162099141528,최신경계기하대표점,20260701,1,35.95435693768317,126.72162099141528,0.0,성공,9ac83cf76bd6df4db9d9e988870b3e30c0008acd4204cd019cd6a9794fcd212d,2026-08-30T16:29:17+09:00
전북특별자치도|김제시,전북특별자치도,김제시,35.80373180276405,126.9070524319474,최신경계기하대표점,20260701,1,35.80373180276405,126.9070524319474,0.0,성공,85c514eb70bf326153c5772b8e33dbf61332e624e78f1a115a2952624829bc8c,2026-08-30T16:29:17+09:00
전북특별자치도|남원시,전북특별자치도,남원시,35.42238280868051,127.44155190203332,최신경계기하대표점,20260701,1,35.42238280868051,127.44155190203332,0.0,성공,81ada291c0eb8c4cf2822d5c5d173e12975ad76179c0e990f12f4b8b78251b29,2026-08-30T16:29:17+09:00
전북특별자치도|무주군,전북특별자치도,무주군,35.93929473135944,127.71286356072105,최신경계기하대표점,20260701,1,35.93929473135944,127.71286356072105,0.0,성공,016a9b3048587ec055ee66872bd65b06a7f4d362342d84dce36bd47c9498a9f7,2026-08-30T16:29:17+09:00
전북특별자치도|부안군,전북특별자치도,부안군,35.676632925188734,126.64022885538704,최신경계기하대표점,20260701,1,35.676632925188734,126.64022885538704,0.0,성공,fd6dd79498a35180b0cc254872fde50b9e86fc3aaa4c3855ee27769b9a9e0e49,2026-08-30T16:29:17+09:00
전북특별자치도|순창군,전북특별자치도,순창군,35.43360055717905,127.08980881980182,최신경계기하대표점,20260701,1,35.43360055717905,127.08980881980182,0.0,성공,8f4012b2ab60fd0d36e5ddfacfb163b0d9e2c8f48c1459cad91393e9fb50eb22,2026-08-30T16:29:17+09:00
전북특별자치도|익산시,전북특별자치도,익산시,36.02323758765713,126.98939049537069,최신경계기하대표점,20260701,1,36.02323758765713,126.98939049537069,0.0,성공,a99583aa399871a2c3b9936702133e0ba4310aed9bdff246c0c4288143c218df,2026-08-30T16:29:17+09:00
전북특별자치도|임실군,전북특별자치도,임실군,35.59774056008932,127.23609952428323,최신경계기하대표점,20260701,1,35.59774056008932,127.23609952428323,0.0,성공,dc63091992d4387e4efe312ecfa09ec73a346eccec849afd39790eb8b19a9005,2026-08-30T16:29:17+09:00
전북특별자치도|장수군,전북특별자치도,장수군,35.65717563419401,127.54414152835535,최신경계기하대표점,20260701,1,35.65717563419401,127.54414152835535,0.0,성공,48181d423d1f2957067ac3b7c9a82a13fb560fc2c258630563d2538314a39280,2026-08-30T16:29:17+09:00
전북특별자치도|전주시,전북특별자치도,전주시,35.82819605889124,127.11592606465516,최신경계기하대표점,20260701,2,35.82819605889124,127.11592606465516,0.0,성공,1db788cbe6fd1212a5ae699f4e2e3f631aedcb3b4ee0e50d4e952118fdbfe045,2026-08-30T16:29:17+09:00
전북특별자치도|정읍시,전북특별자치도,정읍시,35.60293686413764,126.90500162122972,최신경계기하대표점,20260701,1,35.60293686413764,126.90500162122972,0.0,성공,d5c98d62ab2b16c6c9c6d4ef33ac322edae6abd830a5ce92d09767bfca7c6aa5,2026-08-30T16:29:17+09:00
전북특별자치도|진안군,전북특별자치도,진안군,35.828807345791816,127.43007381801245,최신경계기하대표점:도로탐색보정,20260701,1,35.828807345791816,127.44115355218416,0.9988764515361188,성공,7de8913dbb69bac2b652817dac352c7c50bda8af3b0e3b872fe36c893eb0f0cf,2026-08-30T16:29:17+09:00
제주특별자치도|서귀포시,제주특별자치도,서귀포시,33.323932321107215,126.58101176091552,최신경계기하대표점:도로탐색보정,20260701,1,33.323932321107215,126.5917625372038,0.9988764516293328,성공,af3771ab5f87afe56650b43c75f848f6494076931198f659db69b985d5fc435d,2026-08-30T16:29:17+09:00
제주특별자치도|제주시,제주특별자치도,제주시,33.443240651937806,126.53029251746374,최신경계기하대표점,20260701,1,33.443240651937806,126.53029251746374,0.0,성공,55e1d542f55d4fc137a920296d484f1bda750d34a3f6a3a545389b756af753cb,2026-08-30T16:29:17+09:00
충청남도|공주시,충청남도,공주시,36.47982737486864,127.07527306172727,최신경계기하대표점,20260701,1,36.47982737486864,127.07527306172727,0.0,성공,f179561ae9dcaf8bfdf72ef606b74cd08c12180155ea4766aa028f27c2332689,2026-08-30T16:29:18+09:00
충청남도|금산군,충청남도,금산군,36.119309816783975,127.4782976000846,최신경계기하대표점,20260701,1,36.119309816783975,127.4782976000846,0.0,성공,961fd5bf5e419035cb8a442ee6cc1d8604a76b848cbf555a765c79d286eb5c23,2026-08-30T16:29:17+09:00
충청남도|논산시,충청남도,논산시,36.19091981079725,127.15798349771865,최신경계기하대표점,20260701,1,36.19091981079725,127.15798349771865,0.0,성공,24f1a2149cba7be79932334daaffdc8e041ee2601257cd2bdea71faa738c5a51,2026-08-30T16:29:17+09:00
충청남도|당진시,충청남도,당진시,36.90453157783038,126.6516738136944,최신경계기하대표점,20260701,1,36.90453157783038,126.6516738136944,0.0,성공,71e8013277f9acbc5d6d246699967867b0c930d024390f9ab46ce304040ffd13,2026-08-30T16:29:18+09:00
충청남도|보령시,충청남도,보령시,36.345925251056286,126.58836337179508,최신경계기하대표점,20260701,1,36.345925251056286,126.58836337179508,0.0,성공,180c1aa7ea89c8c5f29657554ea37d4bba75110a2de2ec11909f40c67b5bf04c,2026-08-30T16:29:18+09:00
충청남도|부여군,충청남도,부여군,36.246336781411806,126.85700440711534,최신경계기하대표점,20260701,1,36.246336781411806,126.85700440711534,0.0,성공,521625709050237ba0a2fa28fd759d46be0eedd1fae6c24c40eeca5feb00c20b,2026-08-30T16:29:18+09:00
충청남도|서산시,충청남도,서산시,36.79087387923386,126.46185606257907,최신경계기하대표점,20260701,1,36.79087387923386,126.46185606257907,0.0,성공,de9626ca16c468003c07afa4509b072a885c9dbfe49e1f1b34680cb35f01db1c,2026-08-30T16:29:18+09:00
충청남도|서천군,충청남도,서천군,36.10648210432934,126.70378641428154,최신경계기하대표점,20260701,1,36.10648210432934,126.70378641428154,0.0,성공,8e0fc647af9b88a88d9e9e57ed80884c135eebe4137d1cad8f1132fb0facd323,2026-08-30T16:29:18+09:00
충청남도|아산시,충청남도,아산시,36.8070532730974,126.98053395280763,최신경계기하대표점,20260701,1,36.8070532730974,126.98053395280763,0.0,성공,99de30025e757ce3baf9addfdac20970e8d4f519d8253e4f55ca8a017844d255,2026-08-30T16:29:18+09:00
충청남도|예산군,충청남도,예산군,36.67048663218576,126.78414886181554,최신경계기하대표점,20260701,1,36.67048663218576,126.78414886181554,0.0,성공,7757fa4cc76e6c2be1be08c64096fdeacdfa7f6b722efc9c10f87e8f3e69f034,2026-08-30T16:29:18+09:00
충청남도|천안시,충청남도,천안시,36.80423815253021,127.20246806012484,최신경계기하대표점,20260701,2,36.80423815253021,127.20246806012484,0.0,성공,46fb56eed7d93e86b924e754ff9a2bced0f065bd4c8359597031a97a8831b14d,2026-08-30T16:29:18+09:00
충청남도|청양군,충청남도,청양군,36.43055874962821,126.85314771238438,최신경계기하대표점,20260701,1,36.43055874962821,126.85314771238438,0.0,성공,36d2af1339a324dd238a678665f2a0f5a99e03f30a22ac6aa2579ca5454b7f87,2026-08-30T16:29:18+09:00
충청남도|태안군,충청남도,태안군,36.69776268531587,126.2824796920418,최신경계기하대표점,20260701,1,36.69776268531587,126.2824796920418,0.0,성공,dc24b6b98b344fd84f5259f2b0a0230d6bbc5f2f55c19138c0780ae4f330ab45,2026-08-30T16:29:18+09:00
충청남도|홍성군,충청남도,홍성군,36.56960393389968,126.62286230260372,최신경계기하대표점,20260701,1,36.56960393389968,126.62286230260372,0.0,성공,df3ceb2ca93a6de0afa2b3fc1662e74371081274eca1a079cb8505a03721f9a1,2026-08-30T16:29:18+09:00
충청북도|괴산군,충청북도,괴산군,36.76948874015751,127.8296409199162,최신경계기하대표점,20260701,1,36.76948874015751,127.8296409199162,0.0,성공,8a7562ccb4b58eeabb3008e1ed35f8487670df1632c3ff18e58e0f11c6c5c8a9,2026-08-30T16:29:18+09:00
충청북도|단양군,충청북도,단양군,36.99431853875892,128.38797874492093,최신경계기하대표점,20260701,1,36.99431853875892,128.38797874492093,0.0,성공,e5c44ddc31feea8d4c74b48d93260d6fed738bc75bad8cdf15bb7861d7e95524,2026-08-30T16:29:18+09:00
충청북도|보은군,충청북도,보은군,36.49002787352619,127.7295031871584,최신경계기하대표점,20260701,1,36.49002787352619,127.7295031871584,0.0,성공,8b070d28c93c21307a506ff4a03e52105510974b1b0eac9cf84102b433b1ed16,2026-08-30T16:29:18+09:00
충청북도|영동군,충청북도,영동군,36.15952916223538,127.81432777853396,최신경계기하대표점,20260701,1,36.15952916223538,127.81432777853396,0.0,성공,895b131b6cf137410988ad0c1b47c25d6e39e3d2f56d3e6063e15c710b089176,2026-08-30T16:29:18+09:00
충청북도|옥천군,충청북도,옥천군,36.32059072203812,127.6566754586296,최신경계기하대표점:도로탐색보정,20260701,1,36.32059072203812,127.66782469434526,0.9988764515170658,성공,7831925776de2bb1f4459d3eefca94dd1264dcb13839373cc51a3585d60e0cf0,2026-08-30T16:29:18+09:00
충청북도|음성군,충청북도,음성군,36.97597379855888,127.61440336793832,최신경계기하대표점,20260701,1,36.97597379855888,127.61440336793832,0.0,성공,1a8c57a9d09fa20693c0c21a6a343afd59bb3e6ad4acfd93ae49672dbd5ade62,2026-08-30T16:29:18+09:00
충청북도|제천시,충청북도,제천시,37.060056747274125,128.1409781070906,최신경계기하대표점,20260701,1,37.060056747274125,128.1409781070906,0.0,성공,ca9aa7137cf86845a823ce8cedc6c65af9bbf8dd3b601187fa49397ec061b8b3,2026-08-30T16:29:18+09:00
충청북도|진천군,충청북도,진천군,36.87082845574929,127.44046061024083,최신경계기하대표점,20260701,1,36.87082845574929,127.44046061024083,0.0,성공,e9c883c721b3c1a6c9b6d47da5f00c5a20a07db0705893a44cc73ac156d28378,2026-08-30T16:29:18+09:00
충청북도|청주시,충청북도,청주시,36.62732640032589,127.49881754447031,최신경계기하대표점,20260701,4,36.62732640032589,127.49881754447031,0.0,성공,40eb475b4b4d39091dc2bc5ecf786b4463c7b8b7c219b44350d937d61fcd2887,2026-08-30T16:29:19+09:00
충청북도|충주시,충청북도,충주시,37.01529952823932,127.89566564923646,최신경계기하대표점:도로탐색보정,20260701,1,37.01529952823932,127.90691598796704,0.9988764514888196,성공,7e6764d40742f26f3f98a488721ebf8723290d73f97ba2f64c28654f8309d6f9,2026-08-30T16:29:19+09:00
